Subject,Division,Day,Time,Room
MAC,Division 1,Monday,01:30-02:30,NC01
MAC,Division 1,Tuesday,03:30-04:30,NC01
MAC,Division 2,Monday,01:30-02:30,NC02
MAC,Division 2,Tuesday,03:30-04:30,NC02
MAC,Division 3,Monday,01:30-02:30,NC03
MAC,Division 3,Tuesday,03:30-04:30,NC03
MAC,Division 4,Monday,01:30-02:30,NC04
MAC,Division 4,Tuesday,03:30-04:30,NC04
MAC,Division 5,Friday,02:30-03:30,NC14
MAC,Division 5,Wednesday,10:30-11:30,NC01
MAC,Division 6,Tuesday,02:30-03:30,NC02
MAC,Division 6,Wednesday,10:30-11:30,NC02
MAC,Division 7,Tuesday,02:30-03:30,NC03
MAC,Division 7,Wednesday,10:30-11:30,NC03
MAC,Division 8,Tuesday,02:30-03:30,NC04
MAC,Division 8,Wednesday,10:30-11:30,NC04
MAC,Division 9,Tuesday,02:30-03:30,NC08
MAC,Division 9,Wednesday,10:30-11:30,NC08
Linear Algebra,Division 1,Tuesday,08:30-09:30,NC12
Linear Algebra,Division 1,Friday,08:30-09:30,NC12
Linear Algebra,Division 2,Monday,01:30-02:30,NC08
Linear Algebra,Division 2,Tuesday,03:30-04:30,NC08
Linear Algebra,Division 3,Monday,01:30-02:30,NC11
Linear Algebra,Division 3,Tuesday,03:30-04:30,NC11
Linear Algebra,Division 4,Tuesday,02:30-03:30,NC14
Linear Algebra,Division 4,Wednesday,10:30-11:30,NC14
Linear Algebra,Division 5,Tuesday,02:30-03:30,NC11
Linear Algebra,Division 5,Wednesday,10:30-11:30,NC11
Linear Algebra,Division 6,Tuesday,02:30-03:30,NC12
Linear Algebra,Division 6,Wednesday,10:30-11:30,NC12
Linear Algebra,Division 7,Tuesday,02:30-03:30,NC13
Linear Algebra,Division 7,Wednesday,10:30-11:30,NC13
Engg  Physics,Division 1,Thursday,09:30-10:30,NC01
Engg  Physics,Division 1,Monday,02:30-03:30,NC01
Engg  Physics,Division 2,Thursday,09:30-10:30,NC02
Engg  Physics,Division 2,Monday,02:30-03:30,NC02
Engg  Physics,Division 3,Thursday,09:30-10:30,NC04
Engg  Physics,Division 3,Monday,02:30-03:30,NC04
Engg  Physics,Division 4,Thursday,09:30-10:30,NC08
Engg  Physics,Division 4,Monday,02:30-03:30,NC08
Engg  Physics,Division 5,Wednesday,11:30-12:30,NC01
Engg  Physics,Division 5,Monday,11:30-12:30,NC01
Engg  Physics,Division 6,Wednesday,11:30-12:30,NC02
Engg  Physics,Division 6,Monday,11:30-12:30,NC02
Engg  Physics,Division 7,Wednesday,11:30-12:30,NC03
Engg  Physics,Division 7,Monday,11:30-12:30,NC03
Engg  Physics,Division 8,Wednesday,11:30-12:30,NC04
Engg  Physics,Division 8,Monday,11:30-12:30,NC04
Engg Chem,Division 1,Thursday,09:30-10:30,NC11
Engg Chem,Division 1,Monday,02:30-03:30,NC11
Engg Chem,Division 2,Thursday,09:30-10:30,NC12
Engg Chem,Division 2,Monday,02:30-03:30,NC12
Engg Chem,Division 3,Thursday,09:30-10:30,NC13
Engg Chem,Division 3,Monday,02:30-03:30,NC13
Engg Chem,Division 4,Thursday,09:30-10:30,NC14
Engg Chem,Division 4,Monday,02:30-03:30,NC14
Engg Chem,Division 5,Wednesday,11:30-12:30,NC11
Engg Chem,Division 5,Monday,11:30-12:30,NC11
Engg Chem,Division 6,Wednesday,11:30-12:30,NC12
Engg Chem,Division 6,Monday,11:30-12:30,NC12
Engg Chem,Division 7,Wednesday,11:30-12:30,NC13
Engg Chem,Division 7,Monday,11:30-12:30,NC13
Engg Chem,Division 8,Wednesday,11:30-12:30,NC14
Engg Chem,Division 8,Monday,11:30-12:30,NC14
Electromagnetism,Division 1,Monday,08:30-09:30,NC01
Electromagnetism,Division 1,Thursday,04:30-05:30,NC01
Electromagnetism,Division 2,Wednesday,02:30-03:30,NC01
Electromagnetism,Division 2,Wednesday,05:30-06:30,NC01
Electromagnetism,Division 3,Wednesday,02:30-03:30,NC02
Electromagnetism,Division 3,Wednesday,05:30-06:30,NC02
Solid State Physics,Division 1,Monday,08:30-09:30,NC04
Solid State Physics,Division 1,Thursday,04:30-05:30,NC04
Solid State Physics,Division 2,Wednesday,02:30-03:30,NC03
Solid State Physics,Division 2,Wednesday,05:30-06:30,NC03
Statistical Thermo,Division 1,Monday,08:30-09:30,NC08
Statistical Thermo,Division 1,Thursday,04:30-05:30,NC08
Statistical Thermo,Division 2,Wednesday,02:30-03:30,NC04
Statistical Thermo,Division 2,Wednesday,05:30-06:30,NC04
Bio For Engineers,Division 1,Monday,08:30-09:30,NC11
Bio For Engineers,Division 1,Thursday,04:30-05:30,NC02
Bio For Engineers,Division 2,Wednesday,02:30-03:30,NC08
Bio For Engineers,Division 2,Wednesday,05:30-06:30,NC08
Emerging Tech in Energy Storage,Division 1,Monday,08:30-09:30,NC12
Emerging Tech in Energy Storage,Division 1,Thursday,04:30-05:30,NC12
Emerging Tech in Energy Storage,Division 2,Wednesday,02:30-03:30,NC11
Emerging Tech in Energy Storage,Division 2,Wednesday,05:30-06:30,NC11
Nanomaterials,Division 1,Monday,08:30-09:30,NC14
Nanomaterials,Division 1,Thursday,04:30-05:30,NC03
Nanomaterials,Division 2,Wednesday,02:30-03:30,NC12
Nanomaterials,Division 2,Wednesday,05:30-06:30,NC12
Fundamentals Of Quantum Physics,Division 1,Monday,08:30-09:30,NC09
Fundamentals Of Quantum Physics,Division 1,Thursday,04:30-05:30,NC07
Fundamentals Of Quantum Physics,Division 2,Monday,08:30-09:30,NC10
Fundamentals Of Quantum Physics,Division 2,Thursday,04:30-05:30,NC13
Fundamentals Of Quantum Physics,Division 3,Wednesday,02:30-03:30,NC14
Fundamentals Of Quantum Physics,Division 3,Wednesday,05:30-06:30,NC14
Fundamentals Of Quantum Physics,Division 4,Wednesday,02:30-03:30,NC09
Fundamentals Of Quantum Physics,Division 4,Wednesday,05:30-06:30,NC09
ECE-Essentials of Civil Engineering,Division 1,Monday,09:30-10:30,NC01
ECE-Essentials of Civil Engineering,Division 1,Thursday,02:30-03:30,NC01
ECE-Essentials of Civil Engineering,Division 2,Monday,10:30-11:30,NC01
ECE-Essentials of Civil Engineering,Division 2,Tuesday,11:30-12:30,NC01
BCE- Basics Of Civil Engineering,Division 1,Thursday,12:30-01:30,NC01
BCE- Basics Of Civil Engineering,Division 1,Friday,01:30-02:30,NC01
BCE- Basics Of Civil Engineering,Division 1,Friday,03:30-04:30,NC01
AM- Applied Mech,Division 1,Wednesday,09:30-10:30,NC01
AM- Applied Mech,Division 1,Thursday,08:30-09:30,NC01
AM- Applied Mech,Division 2,Tuesday,01:30-02:30,NC01
AM- Applied Mech,Division 2,Wednesday,01:30-02:30,NC01
FAI- Fundamentals of Ai,Division 1,Monday,09:30-10:30,NC02
FAI- Fundamentals of Ai,Division 1,Thursday,02:30-03:30,NC02
FAI- Fundamentals of Ai,Division 2,Monday,09:30-10:30,NC03
FAI- Fundamentals of Ai,Division 2,Thursday,02:30-03:30,NC03
FAI- Fundamentals of Ai,Division 3,Monday,10:30-11:30,NC09
FAI- Fundamentals of Ai,Division 3,Tuesday,11:30-12:30,NC09
FAI- Fundamentals of Ai,Division 4,Monday,10:30-11:30,NC10
FAI- Fundamentals of Ai,Division 4,Tuesday,11:30-12:30,NC10
AIMA- AI for Multi. Application,Division 1,Wednesday,08:30-09:30,NC01
AIMA- AI for Multi. Application,Division 1,Friday,09:30-10:30,NC01
AIMA- AI for Multi. Application,Division 1,Wednesday,03:30-04:30,NC01
AIMA- AI for Multi. Application,Division 2,Tuesday,10:30-11:30,NC11
AIMA- AI for Multi. Application,Division 2,Monday,05:30-06:30,NC11
AIMA- AI for Multi. Application,Division 2,Friday,04:30-05:30,NC11
AIMA- AI for Multi. Application,Division 3,Tuesday,10:30-11:30,NC08
AIMA- AI for Multi. Application,Division 3,Monday,05:30-06:30,NC10
AIMA- AI for Multi. Application,Division 3,Friday,04:30-05:30,NC08
FCS- Fundamentals of Cyber Security,Division 1,Wednesday,09:30-10:30,NC02
FCS- Fundamentals of Cyber Security,Division 1,Thursday,08:30-09:30,NC02
FCS- Fundamentals of Cyber Security,Division 2,Tuesday,01:30-02:30,NC09
FCS- Fundamentals of Cyber Security,Division 2,Wednesday,01:30-02:30,NC09
FEE- fundamentals OF Electrical Engineering,Division 1,Monday,09:30-10:30,NC04
FEE- fundamentals OF Electrical Engineering,Division 1,Thursday,02:30-03:30,NC04
FEE- fundamentals OF Electrical Engineering,Division 2,Tuesday,11:30-12:30,NC04
FEE- fundamentals OF Electrical Engineering,Division 2,Monday,10:30-11:30,NC04
EEU- Electrical Energy Untilization ,Division 1,Thursday,12:30-01:30,NC02
EEU- Electrical Energy Untilization ,Division 1,Friday,01:30-02:30,NC02
EEU- Electrical Energy Untilization ,Division 1,Friday,03:30-04:30,NC02
BEE- Basic Electrical Engg,Division 1,Wednesday,09:30-10:30,NC04
BEE- Basic Electrical Engg,Division 1,Thursday,08:30-09:30,NC04
BEE- Basic Electrical Engg,Division 2,Tuesday,01:30-02:30,NC04
BEE- Basic Electrical Engg,Division 2,Wednesday,01:30-02:30,NC04
EEE- Elements of Electronics Engg,Division 1,Tuesday,11:30-12:30,NC08
EEE- Elements of Electronics Engg,Division 1,Monday,10:30-11:30,NC08
EEE- Elements of Electronics Engg,Division 2,Tuesday,11:30-12:30,NC11
EEE- Elements of Electronics Engg,Division 2,Monday,10:30-11:30,NC11
AEIoT- Applied Electronics And IoT,Division 1,Wednesday,08:30-09:30,NC02
AEIoT- Applied Electronics And IoT,Division 1,Friday,09:30-10:30,NC02
AEIoT- Applied Electronics And IoT,Division 1,Wednesday,03:30-04:30,NC02
AEIoT- Applied Electronics And IoT,Division 2,Wednesday,08:30-09:30,NC04
AEIoT- Applied Electronics And IoT,Division 2,Friday,09:30-10:30,NC04
AEIoT- Applied Electronics And IoT,Division 2,Wednesday,03:30-04:30,NC04
AEIoT- Applied Electronics And IoT,Division 3,Tuesday,10:30-11:30,NC12
AEIoT- Applied Electronics And IoT,Division 3,Monday,05:30-06:30,NC12
AEIoT- Applied Electronics And IoT,Division 3,Friday,04:30-05:30,NC12
AEIoT- Applied Electronics And IoT,Division 4,Tuesday,10:30-11:30,NC13
AEIoT- Applied Electronics And IoT,Division 4,Monday,05:30-06:30,NC13
AEIoT- Applied Electronics And IoT,Division 4,Friday,04:30-05:30,NC13
AEIoT- Applied Electronics And IoT,Division 5,Tuesday,10:30-11:30,NC14
AEIoT- Applied Electronics And IoT,Division 5,Monday,05:30-06:30,NC14
AEIoT- Applied Electronics And IoT,Division 5,Friday,04:30-05:30,NC14
DLD- Digital Logic Design,Division 1,Wednesday,09:30-10:30,NC12
DLD- Digital Logic Design,Division 1,Thursday,08:30-09:30,NC12
DLD- Digital Logic Design,Division 2,Wednesday,09:30-10:30,NC14
DLD- Digital Logic Design,Division 2,Thursday,08:30-09:30,NC14
DLD- Digital Logic Design,Division 3,Tuesday,01:30-02:30,NC08
DLD- Digital Logic Design,Division 3,Wednesday,01:30-02:30,NC08
DLD- Digital Logic Design,Division 4,Tuesday,01:30-02:30,NC11
DLD- Digital Logic Design,Division 4,Wednesday,01:30-02:30,NC11
DLD- Digital Logic Design,Division 5,Tuesday,01:30-02:30,NC12
DLD- Digital Logic Design,Division 5,Wednesday,01:30-02:30,NC12
FMATSIM- Funda. of MATLAB,Division 1,Tuesday,11:30-12:30,NC12
FMATSIM- Funda. of MATLAB,Division 1,Monday,10:30-11:30,NC12
FMS- Funda. Of measurement and sensor,Division 1,Thursday,12:30-01:30,NC03
FMS- Funda. Of measurement and sensor,Division 1,Friday,01:30-02:30,NC03
FMS- Funda. Of measurement and sensor,Division 1,Friday,03:30-04:30,NC03
SME- System in Mech Engg,Division 1,Thursday,02:30-03:30,NC08
SME- System in Mech Engg,Division 1,Monday,09:30-10:30,NC08
SME- System in Mech Engg,Division 2,Tuesday,11:30-12:30,NC13
SME- System in Mech Engg,Division 2,Monday,10:30-11:30,NC13
FME- Foundations in Mech Engg,Division 1,Wednesday,08:30-09:30,NC13
FME- Foundations in Mech Engg,Division 1,Friday,09:30-10:30,NC13
FME- Foundations in Mech Engg,Division 1,Wednesday,03:30-04:30,NC13
FME- Foundations in Mech Engg,Division 2,Tuesday,10:30-11:30,NC09
FME- Foundations in Mech Engg,Division 2,Monday,05:30-06:30,NC09
FME- Foundations in Mech Engg,Division 2,Friday,03:30-04:30,NC14
EG- Engineering Graphics,Division 1,Wednesday,09:30-10:30,NC08
EG- Engineering Graphics,Division 1,Thursday,08:30-09:30,TBD
EG- Engineering Graphics,Division 2,Tuesday,01:30-02:30,NC03
EG- Engineering Graphics,Division 2,Wednesday,01:30-02:30,NC03
SPM- Structure amd Properties of Materials,Division 1,Thursday,02:30-03:30,NC11
SPM- Structure amd Properties of Materials,Division 1,Monday,09:30-10:30,NC11
NM- Nano Materials,Division 1,Thursday,12:30-01:30,NC04
NM- Nano Materials,Division 1,Friday,01:30-02:30,NC04
NM- Nano Materials,Division 1,Friday,03:30-04:30,NC04
FCE- Funda. Of Corrosion Engg,Division 1,Wednesday,09:30-10:30,NC11
FCE- Funda. Of Corrosion Engg,Division 1,Thursday,08:30-09:30,NC09
FCE- Funda. Of Corrosion Engg,Division 2,Tuesday,01:30-02:30,NC13
FCE- Funda. Of Corrosion Engg,Division 2,Wednesday,01:30-02:30,NC13
DTIL- Design Thunking and Idea Lab,Division 1,Thursday,02:30-03:30,NC12
DTIL- Design Thunking and Idea Lab,Division 1,Monday,09:30-10:30,NC12
BMT- Basics of Manu. Tech,Division 1,Thursday,12:30-01:30,NC08
BMT- Basics of Manu. Tech,Division 1,Friday,01:30-02:30,NC08
BMT- Basics of Manu. Tech,Division 1,Friday,03:30-04:30,NC08
PPP- Product Proto. Practices,Division 1,Wednesday,09:30-10:30,NC13
PPP- Product Proto. Practices,Division 1,Thursday,08:30-09:30,NC10
PPP- Product Proto. Practices,Division 2,Tuesday,01:30-02:30,NC14
PPP- Product Proto. Practices,Division 2,Wednesday,01:30-02:30,NC14
GE- Geomatic Engg,Division 1,Thursday,05:30-06:30,NC01
FCP- Funda. Of Constructive Practices,Division 1,Thursday,05:30-06:30,NC02
PPS- Programming For Problem Solving,Division 1,Thursday,05:30-06:30,NC09
PPS- Programming For Problem Solving,Division 2,Thursday,05:30-06:30,NC09
PPS- Programming For Problem Solving,Division 3,Thursday,05:30-06:30,NC03
WD- Web Designing,Division 1,Thursday,05:30-06:30,NC04
PP- Python Programming,Division 1,Thursday,05:30-06:30,NC10
PP- Python Programming,Division 2,Thursday,05:30-06:30,NC10
PP- Python Programming,Division 3,Thursday,05:30-06:30,NC08
EMS- Electrical Maintainance and Safety,Division 1,Thursday,05:30-06:30,NC11
FPLC- Funda. Of PLC,Division 1,Thursday,05:30-06:30,NC12
CAD- Computer Aided Drafting,Division 1,Thursday,05:30-06:30,NC13
EVA- EV Archi.,Division 1,Thursday,05:30-06:30,NC07
MPFL- Manufacturing Practices and Fab Lab,Division 1,Thursday,05:30-06:30,NC14
"RDOS- Robotics, Drone",Division 1,Thursday,05:30-06:30,NC06
LAB Batch 1-ECE-Essentials of Civil Engineering,Division 1,Friday,10:30-11:30,Civil Drawing Hall 1 (CDH 1)
LAB Batch 1-ECE-Essentials of Civil Engineering,Division 1,Friday,11:30-12:30,Civil Drawing Hall 1 (CDH 1)
LAB Batch 2-ECE-Essentials of Civil Engineering,Division 1,Friday,10:30-11:30,NT01 (Fluid Mechanics Lab Classroom)
LAB Batch 2-ECE-Essentials of Civil Engineering,Division 1,Friday,11:30-12:30,NT01 (Fluid Mechanics Lab Classroom)
LAB Batch 3-ECE-Essentials of Civil Engineering,Division 1,Tuesday,04:30-05:30,Civil Drawing Hall 1 (CDH 1)
LAB Batch 3-ECE-Essentials of Civil Engineering,Division 1,Tuesday,05:30-06:30,Civil Drawing Hall 1 (CDH 1)
LAB Batch 4-ECE-Essentials of Civil Engineering,Division 1,Tuesday,04:30-05:30,NT01 (Fluid Mechanics Lab Classroom)
LAB Batch 4-ECE-Essentials of Civil Engineering,Division 1,Tuesday,05:30-06:30,NT01 (Fluid Mechanics Lab Classroom)
LAB Batch 1-ECE-Essentials of Civil Engineering,Division 2,Tuesday,08:30-09:30,ST01 ( M Tech-Construction Management Classroom)
LAB Batch 1-ECE-Essentials of Civil Engineering,Division 2,Tuesday,09:30-10:30,ST01 ( M Tech-Construction Management Classroom)
LAB Batch 2-ECE-Essentials of Civil Engineering,Division 2,Tuesday,08:30-09:30,NT 03 ( M Tech Transportation Engineering Classroom)
LAB Batch 2-ECE-Essentials of Civil Engineering,Division 2,Tuesday,09:30-10:30,NT 03 ( M Tech Transportation Engineering Classroom)
LAB Batch 3-ECE-Essentials of Civil Engineering,Division 2,Monday,08:30-09:30,ST01 ( M Tech-Construction Management Classroom)
LAB Batch 3-ECE-Essentials of Civil Engineering,Division 2,Monday,09:30-10:30,ST01 ( M Tech-Construction Management Classroom)
LAB Batch 4-ECE-Essentials of Civil Engineering,Division 2,Monday,08:30-09:30,NT 03 ( M Tech Transportation Engineering Classroom)
LAB Batch 4-ECE-Essentials of Civil Engineering,Division 2,Monday,09:30-10:30,NT 03 ( M Tech Transportation Engineering Classroom)
LAB Batch 1-FEE- fundamentals OF Electrical Engineering,Division 1,Wednesday,04:30-05:30,BEE Lab Electrical Department South Campus
LAB Batch 1-FEE- fundamentals OF Electrical Engineering,Division 1,Wednesday,05:30-06:30,BEE Lab Electrical Department South Campus
LAB Batch 2-FEE- fundamentals OF Electrical Engineering,Division 1,Wednesday,04:30-05:30,BEE Lab Electrical Department South Campus
LAB Batch 2-FEE- fundamentals OF Electrical Engineering,Division 1,Wednesday,05:30-06:30,BEE Lab Electrical Department South Campus
LAB Batch 3-FEE- fundamentals OF Electrical Engineering,Division 1,Thursday,10:30-11:30,BEE Lab Electrical Department South Campus
LAB Batch 3-FEE- fundamentals OF Electrical Engineering,Division 1,Thursday,11:30-12:30,BEE Lab Electrical Department South Campus
LAB Batch 4-FEE- fundamentals OF Electrical Engineering,Division 1,Thursday,10:30-11:30,BEE Lab Electrical Department South Campus
LAB Batch 4-FEE- fundamentals OF Electrical Engineering,Division 1,Thursday,11:30-12:30,BEE Lab Electrical Department South Campus
LAB Batch 1-FEE- fundamentals OF Electrical Engineering,Division 2,Thursday,08:30-09:30,BEE Lab Electrical Department South Campus
LAB Batch 1-FEE- fundamentals OF Electrical Engineering,Division 2,Thursday,09:30-10:30,BEE Lab Electrical Department South Campus
LAB Batch 2-FEE- fundamentals OF Electrical Engineering,Division 2,Thursday,08:30-09:30,BEE Lab Electrical Department South Campus
LAB Batch 2-FEE- fundamentals OF Electrical Engineering,Division 2,Thursday,09:30-10:30,BEE Lab Electrical Department South Campus
LAB Batch 3-FEE- fundamentals OF Electrical Engineering,Division 2,Tuesday,03:30-04:30,BEE Lab Electrical Department South Campus
LAB Batch 3-FEE- fundamentals OF Electrical Engineering,Division 2,Tuesday,04:30-05:30,BEE Lab Electrical Department South Campus
LAB Batch 4-FEE- fundamentals OF Electrical Engineering,Division 2,Tuesday,03:30-04:30,BEE Lab Electrical Department South Campus
LAB Batch 4-FEE- fundamentals OF Electrical Engineering,Division 2,Tuesday,04:30-05:30,BEE Lab Electrical Department South Campus
Civil 1-CS- Communication Skills Dr.Neha Shroff,Division 1,Thursday,10:30-11:30,Lang Lab
Civil 1-CS- Communication Skills Dr.Neha Shroff,Division 1,Thursday,11:30-12:30,Lang Lab
Civil 2-CS- Communication Skills Dr. Amol Jadhav,Division 1,Thursday,10:30-11:30,NC10
Civil 2-CS- Communication Skills Dr. Amol Jadhav,Division 1,Thursday,11:30-12:30,NC10
Comp 3-CS- Communication Skills Dr.Avinash K,Division 1,Wednesday,01:30-02:30,Lang Lab
Comp 3-CS- Communication Skills Dr.Avinash K,Division 1,Wednesday,02:30-03:30,Lang Lab
Elec 3 CS- Communication Skills Dr. Avinash K,Division 3,Wednesday,01:30-02:30,Lang Lab
Elec 3 CS- Communication Skills Dr. Avinash K,Division 3,Wednesday,02:30-03:30,Lang Lab
Comp 3-CS- Communication Skills Dr.Avinash K,Division 2,Wednesday,01:30-02:30,Lang Lab
Comp 3-CS- Communication Skills Dr.Avinash K,Division 2,Wednesday,02:30-03:30,Lang Lab
Comp 4-CS-Communication Skills Dr. Amol Jadhav,Division 2,Wednesday,01:30-02:30,NC07
Comp 4-CS-Communication Skills Dr. Amol Jadhav,Division 2,Wednesday,02:30-03:30,NC07
Comp 5-CS- Communication Skills Dr. Neha Shroff,Division 2,Wednesday,01:30-02:30,NC10
Comp 5-CS- Communication Skills Dr. Neha Shroff,Division 2,Wednesday,02:30-03:30,NC10
Elec 6-CS- Communication Skills Dr. Avinash K,Division 2,Wednesday,10:30-11:30,Lang Lab
Elec 6-CS- Communication Skills Dr. Avinash K,Division 2,Wednesday,11:30-12:30,Lang Lab
Elec 6-CS- Communication Skills Dr. Avinash K,Division 3,Wednesday,10:30-11:30,Lang Lab
Elec 6-CS- Communication Skills Dr. Avinash K,Division 3,Wednesday,11:30-12:30,Lang Lab
Manu 7-CS- Communication Skills Dr. Amol Jadhav ,Division 3,Tuesday,10:30-11:30,Lang Lab
Manu 7-CS- Communication Skills Dr. Amol Jadhav ,Division 3,Tuesday,11:30-12:30,Lang Lab
Mech 8-CS- Communication Skills Dr. Neha Shroff,Division 3,Wednesday,10:30-11:30,NC09
Mech 8-CS- Communication Skills Dr. Neha Shroff,Division 3,Wednesday,11:30-12:30,NC09
Mech 8-CS- Communication Skills Dr. Neha Shroff,Division 4,Wednesday,10:30-11:30,NC09
Mech 8-CS- Communication Skills Dr. Neha Shroff,Division 4,Wednesday,11:30-12:30,NC09
Mech 9-CS- Communication Skills Dr. Amol Jadhav,Division 4,Wednesday,10:30-11:30,NC10
Mech 9-CS- Communication Skills Dr. Amol Jadhav,Division 4,Wednesday,11:30-12:30,NC10
Meta 10-CS- Communication Skills Dr. Neha Shroff,Division 4,Tuesday,10:30-11:30,NC03
Meta 10-CS- Communication Skills Dr. Neha Shroff,Division 4,Tuesday,11:30-12:30,NC03
AIML 11-CS- Communication Skills Dr. Amol Jadhav ,Division 5,Tuesday,03:30-04:30,NC07
AIML 11-CS- Communication Skills Dr. Amol Jadhav ,Division 5,Tuesday,04:30-05:30,NC07
AIML 12-CS-Communication Skills Dr. Avinash K,Division 5,Tuesday,03:30-04:30,NC14
AIML 12-CS-Communication Skills Dr. Avinash K,Division 5,Tuesday,04:30-05:30,NC14
Civil 13-CS- Communication Skills Dr. Meghna Mane,Division 5,Wednesday,03:30-04:30,NC10
Civil 13-CS- Communication Skills Dr. Meghna Mane,Division 5,Wednesday,04:30-05:30,NC10
Comp 14-CS- Communication Skills Dr. Amol Jadhav,Division 5,Monday,03:30-04:30,Lang Lab
Comp 14-CS- Communication Skills Dr. Amol Jadhav,Division 5,Monday,04:30-05:30,Lang Lab
Comp 15-CS- Communication Skills Dr. Neha Shroff,Division 6,Monday,03:30-04:30,NC07
Comp 15-CS- Communication Skills Dr. Neha Shroff,Division 6,Monday,04:30-05:30,NC07
Comp 16-CS- Communication Skills Dr. Meghna Mane,Division 6,Monday,03:30-04:30,NC14
Comp 16-CS- Communication Skills Dr. Meghna Mane,Division 6,Monday,04:30-05:30,NC14
Elec 17-CS- Communication Skills Dr. Avinash K,Division 6,Wednesday,03:30-04:30,Lang Lab
Elec 17-CS- Communication Skills Dr. Avinash K,Division 6,Wednesday,04:30-05:30,Lang Lab
Elec 17-CS- Communication Skills Dr. Avinash K,Division 7,Wednesday,03:30-04:30,Lang Lab
Elec 17-CS- Communication Skills Dr. Avinash K,Division 7,Wednesday,04:30-05:30,Lang Lab
E&TC 18-CS- Communication Skills Dr. Amol Jadhav,Division 7,Thursday,03:30-04:30,NC11
E&TC 18-CS- Communication Skills Dr. Amol Jadhav,Division 7,Thursday,04:30-05:30,NC11
E&TC 19-CS- Communication Skills Dr. Avinash K,Division 7,Thursday,03:30-04:30,NC14
E&TC 19-CS- Communication Skills Dr. Avinash K,Division 7,Thursday,04:30-05:30,NC14
E&TC 20-CS- Communication Skills Dr. Meghna Mane,Division 8,Thursday,03:30-04:30,Lang Lab
E&TC 20-CS- Communication Skills Dr. Meghna Mane,Division 8,Thursday,04:30-05:30,Lang Lab
Instru 21-CS- Communication Skills Dr. Amol Jadhav,Division 8,Monday,03:30-04:30,Lang Lab
Instru 21-CS- Communication Skills Dr. Amol Jadhav,Division 8,Monday,04:30-05:30,Lang Lab
Mech 22-CS- Communication Skills Dr. Neha Shroff,Division 8,Tuesday,03:30-04:30,Lang Lab
Mech 22-CS- Communication Skills Dr. Neha Shroff,Division 8,Tuesday,04:30-05:30,Lang Lab
1st and 3rd Sat-PD- Personality Development,Division 1,Saturday,09:30-10:30,AC101
1st and 3rd Sat-PD- Personality Development,Division 1,Saturday,10:30-11:30,AC101
1st and 3rd Sat-PD- Personality Development,Division 2,Saturday,09:30-10:30,AC102
1st and 3rd Sat-PD- Personality Development,Division 2,Saturday,10:30-11:30,AC102
1st and 3rd Sat-PD- Personality Development,Division 3,Saturday,09:30-10:30,AC103
1st and 3rd Sat-PD- Personality Development,Division 3,Saturday,10:30-11:30,AC103
1st and 3rd Sat-PD- Personality Development,Division 4,Saturday,09:30-10:30,AC104
1st and 3rd Sat-PD- Personality Development,Division 4,Saturday,10:30-11:30,AC104
PD- Personality Development(1st&3rd- 11am/ 2nd&4th- 10:45am),Division 5,Saturday,10:30-11:30,AC101
PD- Personality Development(1st&3rd- 11am/ 2nd&4th- 10:45am),Division 5,Saturday,11:30-12:30,AC101
PD- Personality Development(1st&3rd- 11am/ 2nd&4th- 10:45am),Division 6,Saturday,10:30-11:30,AC102
PD- Personality Development(1st&3rd- 11am/ 2nd&4th- 10:45am),Division 6,Saturday,11:30-12:30,AC102
PD- Personality Development(1st&3rd- 11am/ 2nd&4th- 10:45am),Division 7,Saturday,10:30-11:30,AC103
PD- Personality Development(1st&3rd- 11am/ 2nd&4th- 10:45am),Division 7,Saturday,11:30-12:30,AC103
PD- Personality Development(1st&3rd- 11am/ 2nd&4th- 10:45am),Division 8,Saturday,10:30-11:30,AC104
PD- Personality Development(1st&3rd- 11am/ 2nd&4th- 10:45am),Division 8,Saturday,11:30-12:30,AC104
2nd & 4th Sat-PD- Personality Development (Till 10:30),Division 1,Saturday,08:30-09:30,AC101
2nd & 4th Sat-PD- Personality Development (Till 10:30),Division 2,Saturday,08:30-09:30,AC102
2nd & 4th Sat-PD- Personality Development (Till 10:30),Division 3,Saturday,08:30-09:30,AC103
2nd & 4th Sat-PD- Personality Development (Till 10:30),Division 4,Saturday,08:30-09:30,AC104
Tut Batch 1-MAC,Division 1,Tuesday,09:30-10:30,NC01
Tut Batch 2-MAC,Division 1,Friday,02:30-03:30,NC01
Tut Batch 3-MAC,Division 1,Saturday,03:30-04:30,NC01
Tut Batch 4-MAC,Division 1,Thursday,03:30-04:30,NC01
Tut Batch 1-MAC,Division 2,Tuesday,09:30-10:30,NC02
Tut Batch 2-MAC,Division 2,Friday,08:30-09:30,NC02
Tut Batch 3-MAC,Division 2,Monday,03:30-04:30,NC02
Tut Batch 4-MAC,Division 2,Thursday,03:30-04:30,NC02
Tut Batch 1-MAC,Division 5,Thursday,10:30-11:30,NC01
Tut Batch 2-MAC,Division 5,Friday,10:30-11:30,NC01
Tut Batch 3-MAC,Division 5,Saturday,12:30-01:30,NC01
Tut Batch 3-MAC,Division 5,Saturday,01:30-02:30,NC01
Tut Batch 4-MAC,Division 5,Friday,11:30-12:30,NC01
LAB Batch 1-SME- System in Mech Engg,Division 1,Wednesday,04:30-05:30,NT06-3rd Floor Mech Dept Old Bajaj Building
LAB Batch 1-SME- System in Mech Engg,Division 1,Wednesday,05:30-06:30,NT06-3rd Floor Mech Dept Old Bajaj Building
LAB Batch 2-SME- System in Mech Engg,Division 1,Wednesday,04:30-05:30,NT06-3rd Floor Mech Dept Old Bajaj Building
LAB Batch 2-SME- System in Mech Engg,Division 1,Wednesday,05:30-06:30,NT06-3rd Floor Mech Dept Old Bajaj Building
LAB Batch 3-SME- System in Mech Engg,Division 1,Tuesday,10:30-11:30,NT06-3rd Floor Mech Dept Old Bajaj Building
LAB Batch 3-SME- System in Mech Engg,Division 1,Tuesday,11:30-12:30,NT06-3rd Floor Mech Dept Old Bajaj Building
LAB Batch 4-SME- System in Mech Engg,Division 1,Tuesday,10:30-11:30,NT06-3rd Floor Mech Dept Old Bajaj Building
LAB Batch 4-SME- System in Mech Engg,Division 1,Tuesday,11:30-12:30,NT06-3rd Floor Mech Dept Old Bajaj Building
LAB Batch 1-SME- System in Mech Engg,Division 2,Wednesday,08:30-09:30,NT06-3rd Floor Mech Dept Old Bajaj Building
LAB Batch 1-SME- System in Mech Engg,Division 2,Wednesday,09:30-10:30,NT06-3rd Floor Mech Dept Old Bajaj Building
LAB Batch 2-SME- System in Mech Engg,Division 2,Monday,01:30-02:30,NT06-3rd Floor Mech Dept Old Bajaj Building
LAB Batch 2-SME- System in Mech Engg,Division 2,Monday,02:30-03:30,NT06-3rd Floor Mech Dept Old Bajaj Building
LAB Batch 3-SME- System in Mech Engg,Division 2,Wednesday,08:30-09:30,NT06-3rd Floor Mech Dept Old Bajaj Building
LAB Batch 3-SME- System in Mech Engg,Division 2,Wednesday,09:30-10:30,NT06-3rd Floor Mech Dept Old Bajaj Building
LAB Batch 4-SME- System in Mech Engg,Division 2,Monday,01:30-02:30,NT06-3rd Floor Mech Dept Old Bajaj Building
LAB Batch 4-SME- System in Mech Engg,Division 2,Monday,02:30-03:30,NT06-3rd Floor Mech Dept Old Bajaj Building
Tut Batch 1-MAC,Division 6,Thursday,10:30-11:30,NC02
Tut Batch 2-MAC,Division 6,Friday,10:30-11:30,NC02
Tut Batch 3-MAC,Division 6,Saturday,12:30-01:30,NC02
Tut Batch 3-MAC,Division 6,Saturday,01:30-02:30,NC02
Tut Batch 4-MAC,Division 6,Friday,11:30-12:30,NC02
Tut Batch 1-MAC,Division 7,Thursday,10:30-11:30,NC03
Tut Batch 2-MAC,Division 7,Friday,10:30-11:30,NC03
Tut Batch 3-MAC,Division 7,Saturday,12:30-01:30,NC03
Tut Batch 3-MAC,Division 7,Saturday,01:30-02:30,NC03
Tut Batch 4-MAC,Division 7,Friday,11:30-12:30,NC03
Tut Batch 1-Linear Algebra,Division 4,Tuesday,09:30-10:30,NC13
Tut Batch 2-Linear Algebra,Division 4,Friday,02:30-03:30,NC13
Tut Batch 3-Linear Algebra,Division 4,Monday,03:30-04:30,NC13
Tut Batch 4-Linear Algebra,Division 4,Saturday,03:30-04:30,NC13
Tut Batch 1-Linear Algebra,Division 6,Wednesday,08:30-09:30,NC12
Tut Batch 2-Linear Algebra,Division 6,Wednesday,08:30-09:30,NC11
Tut Batch 3-Linear Algebra,Division 6,Saturday,12:30-01:30,NC12
Tut Batch 3-Linear Algebra,Division 6,Saturday,01:30-02:30,NC12
Tut Batch 4-Linear Algebra,Division 6,Friday,11:30-12:30,NC12
Tut Batch 1-MAC,Division 8,Thursday,10:30-11:30,NC04
Tut Batch 2-MAC,Division 8,Friday,10:30-11:30,NC04
Tut Batch 3-MAC,Division 8,Saturday,12:30-01:30,NC04
Tut Batch 3-MAC,Division 8,Saturday,01:30-02:30,NC04
Tut Batch 4-MAC,Division 8,Friday,11:30-12:30,NC04
LAB Batch 1-Engg  Physics,Division 1,Monday,10:30-11:30,Physics LAB
LAB Batch 1-Engg  Physics,Division 1,Monday,11:30-12:30,Physics LAB
LAB Batch 2-Engg  Physics,Division 1,Wednesday,04:30-05:30,Physics LAB
LAB Batch 2-Engg  Physics,Division 1,Wednesday,05:30-06:30,Physics LAB
LAB Batch 3-Engg  Physics,Division 1,Tuesday,01:30-02:30,Physics LAB
LAB Batch 3-Engg  Physics,Division 1,Tuesday,02:30-03:30,Physics LAB
LAB Batch 4-Engg  Physics,Division 1,Friday,10:30-11:30,Physics LAB
LAB Batch 4-Engg  Physics,Division 1,Friday,11:30-12:30,Physics LAB
Tut Batch 1-MAC,Division 3,Wednesday,09:30-10:30,NC03
Tut Batch 2-MAC,Division 3,Friday,02:30-03:30,NC03
Tut Batch 3-MAC,Division 3,Monday,03:30-04:30,NC03
Tut Batch 4-MAC,Division 3,Thursday,03:30-04:30,NC03
Tut Batch 1-MAC,Division 4,Tuesday,09:30-10:30,NC04
Tut Batch 2-MAC,Division 4,Friday,02:30-03:30,NC04
Tut Batch 3-MAC,Division 4,Monday,03:30-04:30,NC04
Tut Batch 4-MAC,Division 4,Thursday,03:30-04:30,NC04
Tut Batch 1-MAC,Division 8,Thursday,10:30-11:30,NC04
Tut Batch 2-MAC,Division 8,Friday,10:30-11:30,NC04
Tut Batch 3-MAC,Division 8,Saturday,12:30-01:30,NC04
Tut Batch 3-MAC,Division 8,Saturday,01:30-02:30,NC04
Tut Batch 4-MAC,Division 8,Friday,11:30-12:30,NC04
Tut Batch 1-MAC,Division 9,Thursday,10:30-11:30,NC08
Tut Batch 2-MAC,Division 9,Friday,10:30-11:30,NC08
Tut Batch 3-MAC,Division 9,Saturday,12:30-01:30,NC08
Tut Batch 3-MAC,Division 9,Saturday,01:30-02:30,NC08
Tut Batch 4-MAC,Division 9,Friday,11:30-12:30,NC08
LAB Batch 1-Engg  Physics,Division 2,Monday,10:30-11:30,Physics LAB
LAB Batch 1-Engg  Physics,Division 2,Monday,11:30-12:30,Physics LAB
LAB Batch 2-Engg  Physics,Division 2,Wednesday,04:30-05:30,Physics LAB
LAB Batch 2-Engg  Physics,Division 2,Wednesday,05:30-06:30,Physics LAB
LAB Batch 3-Engg  Physics,Division 2,Tuesday,01:30-02:30,Physics LAB
LAB Batch 3-Engg  Physics,Division 2,Tuesday,02:30-03:30,Physics LAB
LAB Batch 4-Engg  Physics,Division 2,Friday,10:30-11:30,Physics LAB
LAB Batch 4-Engg  Physics,Division 2,Friday,11:30-12:30,Physics LAB
LAB Batch 1-Engg  Physics,Division 3,Monday,04:30-05:30,Physics LAB
LAB Batch 1-Engg  Physics,Division 3,Monday,05:30-06:30,Physics LAB
LAB Batch 2-Engg  Physics,Division 3,Friday,04:30-05:30,Physics LAB
LAB Batch 2-Engg  Physics,Division 3,Friday,05:30-06:30,Physics LAB
LAB Batch 3-Engg  Physics,Division 3,Wednesday,10:30-11:30,Physics LAB
LAB Batch 3-Engg  Physics,Division 3,Wednesday,11:30-12:30,Physics LAB
LAB Batch 4-Engg  Physics,Division 3,Tuesday,04:30-05:30,Physics LAB
LAB Batch 4-Engg  Physics,Division 3,Tuesday,05:30-06:30,Physics LAB
LAB Batch 1-Engg  Physics,Division 4,Monday,04:30-05:30,Physics LAB
LAB Batch 1-Engg  Physics,Division 4,Monday,05:30-06:30,Physics LAB
LAB Batch 2-Engg  Physics,Division 4,Friday,04:30-05:30,Physics LAB
LAB Batch 2-Engg  Physics,Division 4,Friday,05:30-06:30,Physics LAB
LAB Batch 3-Engg  Physics,Division 4,Wednesday,10:30-11:30,Physics LAB
LAB Batch 3-Engg  Physics,Division 4,Wednesday,11:30-12:30,Physics LAB
LAB Batch 4-Engg  Physics,Division 4,Tuesday,04:30-05:30,Physics LAB
LAB Batch 4-Engg  Physics,Division 4,Tuesday,05:30-06:30,Physics LAB
LAB Batch 1-Engg  Physics,Division 5,Wednesday,08:30-09:30,Physics LAB
LAB Batch 1-Engg  Physics,Division 5,Wednesday,09:30-10:30,Physics LAB
LAB Batch 2-Engg  Physics,Division 5,Thursday,08:30-09:30,Physics LAB
LAB Batch 2-Engg  Physics,Division 5,Thursday,09:30-10:30,Physics LAB
LAB Batch 3-Engg  Physics,Division 5,Friday,08:30-09:30,Physics LAB
LAB Batch 3-Engg  Physics,Division 5,Friday,09:30-10:30,Physics LAB
LAB Batch 4-Engg  Physics,Division 5,Monday,08:30-09:30,Physics LAB
LAB Batch 4-Engg  Physics,Division 5,Monday,09:30-10:30,Physics LAB
LAB Batch 1-Engg  Physics,Division 6,Wednesday,08:30-09:30,Physics LAB
LAB Batch 1-Engg  Physics,Division 6,Wednesday,09:30-10:30,Physics LAB
LAB Batch 2-Engg  Physics,Division 6,Thursday,08:30-09:30,Physics LAB
LAB Batch 2-Engg  Physics,Division 6,Thursday,09:30-10:30,Physics LAB
LAB Batch 3-Engg  Physics,Division 6,Friday,08:30-09:30,Physics LAB
LAB Batch 3-Engg  Physics,Division 6,Friday,09:30-10:30,Physics LAB
LAB Batch 4-Engg  Physics,Division 6,Monday,08:30-09:30,Physics LAB
LAB Batch 4-Engg  Physics,Division 6,Monday,09:30-10:30,Physics LAB
LAB Batch 1-Engg  Physics,Division 7,Monday,01:30-02:30,Physics LAB
LAB Batch 1-Engg  Physics,Division 7,Monday,02:30-03:30,Physics LAB
LAB Batch 2-Engg  Physics,Division 7,Friday,01:30-02:30,Physics LAB
LAB Batch 2-Engg  Physics,Division 7,Friday,02:30-03:30,Physics LAB
LAB Batch 3-Engg  Physics,Division 7,Thursday,01:30-02:30,Physics LAB
LAB Batch 3-Engg  Physics,Division 7,Thursday,02:30-03:30,Physics LAB
LAB Batch 4-Engg  Physics,Division 7,Tuesday,08:30-09:30,Physics LAB
LAB Batch 4-Engg  Physics,Division 7,Tuesday,09:30-10:30,Physics LAB
LAB Batch 1-Engg  Physics,Division 8,Monday,01:30-02:30,Physics LAB
LAB Batch 1-Engg  Physics,Division 8,Monday,02:30-03:30,Physics LAB
LAB Batch 2-Engg  Physics,Division 8,Friday,01:30-02:30,Physics LAB
LAB Batch 2-Engg  Physics,Division 8,Friday,02:30-03:30,Physics LAB
LAB Batch 3-Engg  Physics,Division 8,Thursday,01:30-02:30,Physics LAB
LAB Batch 3-Engg  Physics,Division 8,Thursday,02:30-03:30,Physics LAB
LAB Batch 4-Engg  Physics,Division 8,Tuesday,08:30-09:30,Physics LAB
LAB Batch 4-Engg  Physics,Division 8,Tuesday,09:30-10:30,Physics LAB
LAB Batch 1-Engg Chem,Division 1,Monday,10:30-11:30,Chemistry LAB
LAB Batch 1-Engg Chem,Division 1,Monday,11:30-12:30,Chemistry LAB
LAB Batch 2-Engg Chem,Division 1,Wednesday,04:30-05:30,Chemistry LAB
LAB Batch 2-Engg Chem,Division 1,Wednesday,05:30-06:30,Chemistry LAB
LAB Batch 3-Engg Chem,Division 1,Tuesday,04:30-05:30,Chemistry LAB
LAB Batch 3-Engg Chem,Division 1,Tuesday,05:30-06:30,Chemistry LAB
LAB Batch 4-Engg Chem,Division 1,Friday,04:30-05:30,Chemistry LAB
LAB Batch 4-Engg Chem,Division 1,Friday,05:30-06:30,Chemistry LAB
LAB Batch 1-Engg Chem,Division 2,Monday,10:30-11:30,Chemistry LAB
LAB Batch 1-Engg Chem,Division 2,Monday,11:30-12:30,Chemistry LAB
LAB Batch 2-Engg Chem,Division 2,Wednesday,04:30-05:30,Chemistry LAB
LAB Batch 2-Engg Chem,Division 2,Wednesday,05:30-06:30,Chemistry LAB
LAB Batch 3-Engg Chem,Division 2,Tuesday,04:30-05:30,Chemistry LAB
LAB Batch 3-Engg Chem,Division 2,Tuesday,05:30-06:30,Chemistry LAB
LAB Batch 4-Engg Chem,Division 2,Friday,04:30-05:30,Chemistry LAB
LAB Batch 4-Engg Chem,Division 2,Friday,05:30-06:30,Chemistry LAB
LAB Batch 1-Engg Chem,Division 3,Monday,04:30-05:30,Chemistry LAB
LAB Batch 1-Engg Chem,Division 3,Monday,05:30-06:30,Chemistry LAB
LAB Batch 2-Engg Chem,Division 3,Friday,10:30-11:30,Chemistry LAB
LAB Batch 2-Engg Chem,Division 3,Friday,11:30-12:30,Chemistry LAB
LAB Batch 3-Engg Chem,Division 3,Thursday,10:30-11:30,Chemistry LAB
LAB Batch 3-Engg Chem,Division 3,Thursday,11:30-12:30,Chemistry LAB
LAB Batch 4-Engg Chem,Division 3,Tuesday,01:30-02:30,Chemistry LAB
LAB Batch 4-Engg Chem,Division 3,Tuesday,02:30-03:30,Chemistry LAB
LAB Batch 1-Engg Chem,Division 4,Monday,04:30-05:30,Chemistry LAB
LAB Batch 1-Engg Chem,Division 4,Monday,05:30-06:30,Chemistry LAB
LAB Batch 2-Engg Chem,Division 4,Friday,10:30-11:30,Chemistry LAB
LAB Batch 2-Engg Chem,Division 4,Friday,11:30-12:30,Chemistry LAB
LAB Batch 3-Engg Chem,Division 4,Thursday,10:30-11:30,Chemistry LAB
LAB Batch 3-Engg Chem,Division 4,Thursday,11:30-12:30,Chemistry LAB
LAB Batch 4-Engg Chem,Division 4,Tuesday,01:30-02:30,Chemistry LAB
LAB Batch 4-Engg Chem,Division 4,Tuesday,02:30-03:30,Chemistry LAB
Tut Batch 1-Linear Algebra,Division 1,Tuesday,09:30-10:30,NC08
Tut Batch 2-Linear Algebra,Division 1,Friday,02:30-03:30,NC08
Tut Batch 3-Linear Algebra,Division 1,Monday,03:30-04:30,NC08
Tut Batch 4-Linear Algebra,Division 1,Thursday,03:30-04:30,NC08
Tut Batch 1-Linear Algebra,Division 2,Tuesday,09:30-10:30,NC11
Tut Batch 2-Linear Algebra,Division 2,Friday,02:30-03:30,NC11
Tut Batch 3-Linear Algebra,Division 2,Monday,03:30-04:30,NC11
Tut Batch 4-Linear Algebra,Division 2,Thursday,03:30-04:30,NC12
Tut Batch 1-Linear Algebra,Division 3,Tuesday,09:30-10:30,NC12
Tut Batch 2-Linear Algebra,Division 3,Friday,02:30-03:30,NC12
Tut Batch 3-Linear Algebra,Division 3,Monday,03:30-04:30,NC12
Tut Batch 4-Linear Algebra,Division 3,Thursday,03:30-04:30,NC13
Tut Batch 1-Linear Algebra,Division 5,Thursday,10:30-11:30,NC11
Tut Batch 2-Linear Algebra,Division 5,Friday,10:30-11:30,NC11
Tut Batch 3-Linear Algebra,Division 5,Saturday,12:30-01:30,NC11
Tut Batch 3-Linear Algebra,Division 5,Saturday,01:30-02:30,NC11
Tut Batch 4-Linear Algebra,Division 5,Friday,11:30-12:30,NC11
Tut Batch 1-Linear Algebra,Division 7,Thursday,12:30-01:30,NC11
Tut Batch 2-Linear Algebra,Division 7,Friday,10:30-11:30,NC13
Tut Batch 3-Linear Algebra,Division 7,Thursday,12:30-01:30,NC12
Tut Batch 4-Linear Algebra,Division 7,Friday,11:30-12:30,NC13
LAB Batch 1A-Engg Chem(Instru+Comp),Division 5,Wednesday,08:30-09:30,Chemistry LAB
LAB Batch 1A-Engg Chem(Instru+Comp),Division 5,Wednesday,09:30-10:30,Chemistry LAB
LAB Batch 1A-Engg Chem(Instru+Comp),Division 6,Wednesday,08:30-09:30,Chemistry LAB
LAB Batch 1A-Engg Chem(Instru+Comp),Division 6,Wednesday,09:30-10:30,Chemistry LAB
LAB Batch 1A-Engg Chem(Instru+Comp),Division 7,Wednesday,08:30-09:30,Chemistry LAB
LAB Batch 1A-Engg Chem(Instru+Comp),Division 7,Wednesday,09:30-10:30,Chemistry LAB
LAB Batch 1B-Engg Chem(Instru+Comp),Division 8,Monday,01:30-02:30,Chemistry LAB
LAB Batch 1B-Engg Chem(Instru+Comp),Division 8,Monday,02:30-03:30,Chemistry LAB
LAB Batch 1B-Engg Chem(Instru+Comp),Division 6,Monday,01:30-02:30,Chemistry LAB
LAB Batch 1B-Engg Chem(Instru+Comp),Division 6,Monday,02:30-03:30,Chemistry LAB
LAB Batch 1B-Engg Chem(Instru+Comp),Division 7,Monday,01:30-02:30,Chemistry LAB
LAB Batch 1B-Engg Chem(Instru+Comp),Division 7,Monday,02:30-03:30,Chemistry LAB
LAB Batch 2-Engg Chem(ENTC),Division 5,Thursday,08:30-09:30,Chemistry LAB
LAB Batch 2-Engg Chem(ENTC),Division 5,Thursday,09:30-10:30,Chemistry LAB
LAB Batch 2-Engg Chem(ENTC),Division 6,Thursday,08:30-09:30,Chemistry LAB
LAB Batch 2-Engg Chem(ENTC),Division 6,Thursday,09:30-10:30,Chemistry LAB
LAB Batch 2-Engg Chem(ENTC),Division 7,Thursday,08:30-09:30,Chemistry LAB
LAB Batch 2-Engg Chem(ENTC),Division 7,Thursday,09:30-10:30,Chemistry LAB
LAB Batch 2-Engg Chem(ENTC),Division 8,Thursday,08:30-09:30,Chemistry LAB
LAB Batch 2-Engg Chem(ENTC),Division 8,Thursday,09:30-10:30,Chemistry LAB
LAB Batch 3A-Engg Chem(Elec+Civil),Division 5,Friday,08:30-09:30,Chemistry LAB
LAB Batch 3A-Engg Chem(Elec+Civil),Division 5,Friday,09:30-10:30,Chemistry LAB
LAB Batch 3A-Engg Chem(Elec+Civil),Division 6,Friday,08:30-09:30,Chemistry LAB
LAB Batch 3A-Engg Chem(Elec+Civil),Division 6,Friday,09:30-10:30,Chemistry LAB
LAB Batch 3B-Engg Chem(Elec+Civil),Division 7,Thursday,01:30-02:30,Chemistry LAB
LAB Batch 3B-Engg Chem(Elec+Civil),Division 7,Thursday,02:30-03:30,Chemistry LAB
LAB Batch 3B-Engg Chem(Elec+Civil),Division 8,Thursday,01:30-02:30,Chemistry LAB
LAB Batch 3B-Engg Chem(Elec+Civil),Division 8,Thursday,02:30-03:30,Chemistry LAB
LAB Batch 4A-Engg Chem(Ai+Mech+E&TC),Division 5,Monday,08:30-09:30,Chemistry LAB
LAB Batch 4A-Engg Chem(Ai+Mech+E&TC),Division 5,Monday,09:30-10:30,Chemistry LAB
LAB Batch 4A-Engg Chem(Ai+Mech+E&TC),Division 6,Monday,08:30-09:30,Chemistry LAB
LAB Batch 4A-Engg Chem(Ai+Mech+E&TC),Division 6,Monday,09:30-10:30,Chemistry LAB
LAB Batch 4B-Engg Chem(Ai+Mech+E&TC),Division 7,Tuesday,08:30-09:30,Chemistry LAB
LAB Batch 4B-Engg Chem(Ai+Mech+E&TC),Division 7,Tuesday,09:30-10:30,Chemistry LAB
LAB Batch 4B-Engg Chem(Ai+Mech+E&TC),Division 8,Tuesday,08:30-09:30,Chemistry LAB
LAB Batch 4B-Engg Chem(Ai+Mech+E&TC),Division 8,Tuesday,09:30-10:30,Chemistry LAB
LAB Batch 1-EEE- Elements of Electronics Engg,Division 1,Wednesday,03:30-04:30,ECW LAB
LAB Batch 1-EEE- Elements of Electronics Engg,Division 1,Wednesday,04:30-05:30,ECW LAB
LAB Batch 2-EEE- Elements of Electronics Engg,Division 1,Wednesday,03:30-04:30,POWER LAB
LAB Batch 2-EEE- Elements of Electronics Engg,Division 1,Wednesday,04:30-05:30,POWER LAB
LAB Batch 3-EEE- Elements of Electronics Engg,Division 1,Tuesday,03:30-04:30,POWER LAB
LAB Batch 3-EEE- Elements of Electronics Engg,Division 1,Tuesday,04:30-05:30,POWER LAB
LAB Batch 4-EEE- Elements of Electronics Engg,Division 1,Tuesday,03:30-04:30,ECW LAB
LAB Batch 4-EEE- Elements of Electronics Engg,Division 1,Tuesday,04:30-05:30,ECW LAB
LAB Batch 1-EEE- Elements of Electronics Engg,Division 2,Thursday,01:30-02:30,POWER LAB
LAB Batch 1-EEE- Elements of Electronics Engg,Division 2,Thursday,02:30-03:30,POWER LAB
LAB Batch 2-EEE- Elements of Electronics Engg,Division 2,Thursday,01:30-02:30,ECW LAB
LAB Batch 2-EEE- Elements of Electronics Engg,Division 2,Thursday,02:30-03:30,ECW LAB
LAB Batch 3-EEE- Elements of Electronics Engg,Division 2,Friday,08:30-09:30,POWER LAB
LAB Batch 3-EEE- Elements of Electronics Engg,Division 2,Friday,09:30-10:30,POWER LAB
LAB Batch 4-EEE- Elements of Electronics Engg,Division 2,Friday,08:30-09:30,ECW LAB
LAB Batch 4-EEE- Elements of Electronics Engg,Division 2,Friday,09:30-10:30,ECW LAB
LAB Batch 1-DTIL- Design Thunking and Idea Lab,Division 1,Monday,10:30-11:30,Product Design LAB and FABLAB
LAB Batch 1-DTIL- Design Thunking and Idea Lab,Division 1,Monday,11:30-12:30,Product Design LAB and FABLAB
LAB Batch 2-DTIL- Design Thunking and Idea Lab,Division 1,Monday,10:30-11:30,Product Design LAB and FABLAB
LAB Batch 2-DTIL- Design Thunking and Idea Lab,Division 1,Monday,11:30-12:30,Product Design LAB and FABLAB
LAB Batch 3-DTIL- Design Thunking and Idea Lab,Division 1,Monday,04:30-05:30,Product Design LAB and FABLAB
LAB Batch 3-DTIL- Design Thunking and Idea Lab,Division 1,Monday,05:30-06:30,Product Design LAB and FABLAB
LAB Batch 4-DTIL- Design Thunking and Idea Lab,Division 1,Monday,04:30-05:30,Product Design LAB and FABLAB
LAB Batch 4-DTIL- Design Thunking and Idea Lab,Division 1,Monday,05:30-06:30,Product Design LAB and FABLAB
LAB Batch 1-FMATSIM- Funda. of MATLAB,Division 1,Tuesday,08:30-09:30,TBD
LAB Batch 1-FMATSIM- Funda. of MATLAB,Division 1,Tuesday,09:30-10:30,TBD
LAB Batch 2-FMATSIM- Funda. of MATLAB,Division 1,Tuesday,08:30-09:30,TBD
LAB Batch 2-FMATSIM- Funda. of MATLAB,Division 1,Tuesday,09:30-10:30,TBD
LAB Batch 3-FMATSIM- Funda. of MATLAB,Division 1,Wednesday,03:30-04:30,TBD
LAB Batch 3-FMATSIM- Funda. of MATLAB,Division 1,Wednesday,04:30-05:30,TBD
LAB Batch 4-FMATSIM- Funda. of MATLAB,Division 1,Wednesday,03:30-04:30,TBD
LAB Batch 4-FMATSIM- Funda. of MATLAB,Division 1,Wednesday,04:30-05:30,TBD
LAB Batch 1-SPM- Structure amd Properties of Materials,Division 1,Monday,10:30-11:30,SC14-Ground Floor Meta Dept
LAB Batch 1-SPM- Structure amd Properties of Materials,Division 1,Monday,11:30-12:30,SC14-Ground Floor Meta Dept
LAB Batch 2-SPM- Structure amd Properties of Materials,Division 1,Monday,10:30-11:30,SC14-Ground Floor Meta Dept
LAB Batch 2-SPM- Structure amd Properties of Materials,Division 1,Monday,11:30-12:30,SC14-Ground Floor Meta Dept
LAB Batch 3-SPM- Structure amd Properties of Materials,Division 1,Monday,04:30-05:30,SC14-Ground Floor Meta Dept
LAB Batch 3-SPM- Structure amd Properties of Materials,Division 1,Monday,05:30-06:30,SC14-Ground Floor Meta Dept
LAB Batch 4-SPM- Structure amd Properties of Materials,Division 1,Monday,04:30-05:30,SC14-Ground Floor Meta Dept
LAB Batch 4-SPM- Structure amd Properties of Materials,Division 1,Monday,05:30-06:30,SC14-Ground Floor Meta Dept
LAB Batch 1-FAI- Fundamentals of Ai,Division 1,Tuesday,01:30-02:30,Programming LAB CSE Ground Floor
LAB Batch 1-FAI- Fundamentals of Ai,Division 1,Tuesday,02:30-03:30,Programming LAB CSE Ground Floor
LAB Batch 2-FAI- Fundamentals of Ai,Division 1,Wednesday,10:30-11:30,Graphics LAB CSE Ground Floor
LAB Batch 2-FAI- Fundamentals of Ai,Division 1,Wednesday,11:30-12:30,Graphics LAB CSE Ground Floor
LAB Batch 3-FAI- Fundamentals of Ai,Division 1,Thursday,10:30-11:30,Programming LAB CSE Ground Floor
LAB Batch 3-FAI- Fundamentals of Ai,Division 1,Thursday,11:30-12:30,Programming LAB CSE Ground Floor
LAB Batch 4-FAI- Fundamentals of Ai,Division 1,Friday,04:30-05:30,Graphics LAB CSE Ground Floor
LAB Batch 4-FAI- Fundamentals of Ai,Division 1,Friday,05:30-06:30,Graphics LAB CSE Ground Floor
LAB Batch 1-FAI- Fundamentals of Ai,Division 2,Tuesday,01:30-02:30,CCF-2 Cognizant LAB AC
LAB Batch 1-FAI- Fundamentals of Ai,Division 2,Tuesday,02:30-03:30,CCF-2 Cognizant LAB AC
LAB Batch 2-FAI- Fundamentals of Ai,Division 2,Wednesday,10:30-11:30,Programming LAB CSE Ground Floor
LAB Batch 2-FAI- Fundamentals of Ai,Division 2,Wednesday,11:30-12:30,Programming LAB CSE Ground Floor
LAB Batch 3-FAI- Fundamentals of Ai,Division 2,Thursday,10:30-11:30,CCF-1 Cognizant LAB AC
LAB Batch 3-FAI- Fundamentals of Ai,Division 2,Thursday,11:30-12:30,CCF-1 Cognizant LAB AC
LAB Batch 4-FAI- Fundamentals of Ai,Division 2,Friday,04:30-05:30,Programming LAB CSE Ground Floor
LAB Batch 4-FAI- Fundamentals of Ai,Division 2,Friday,05:30-06:30,Programming LAB CSE Ground Floor
LAB Batch 1-FAI- Fundamentals of Ai,Division 3,Thursday,08:30-09:30,Graphics LAB CSE Ground Floor
LAB Batch 1-FAI- Fundamentals of Ai,Division 3,Thursday,09:30-10:30,Graphics LAB CSE Ground Floor
LAB Batch 2-FAI- Fundamentals of Ai,Division 3,Wednesday,03:30-04:30,Graphics LAB CSE Ground Floor
LAB Batch 2-FAI- Fundamentals of Ai,Division 3,Wednesday,04:30-05:30,Graphics LAB CSE Ground Floor
LAB Batch 3-FAI- Fundamentals of Ai,Division 3,Wednesday,03:30-04:30,Advance Software LAB First Floor CSE
LAB Batch 3-FAI- Fundamentals of Ai,Division 3,Wednesday,04:30-05:30,Advance Software LAB First Floor CSE
LAB Batch 4-FAI- Fundamentals of Ai,Division 3,Thursday,03:30-04:30,Graphics LAB CSE Ground Floor
LAB Batch 4-FAI- Fundamentals of Ai,Division 3,Thursday,04:30-05:30,Graphics LAB CSE Ground Floor
LAB Batch 5-FAI- Fundamentals of Ai,Division 3,Thursday,08:30-09:30,CCF-4 Cognizant LAB AC
LAB Batch 5-FAI- Fundamentals of Ai,Division 3,Thursday,09:30-10:30,CCF-4 Cognizant LAB AC
LAB Batch 6-FAI- Fundamentals of Ai,Division 3,Thursday,03:30-04:30,Programming LAB CSE Ground Floor
LAB Batch 6-FAI- Fundamentals of Ai,Division 3,Thursday,04:30-05:30,Programming LAB CSE Ground Floor
LAB Batch 1-FAI- Fundamentals of Ai,Division 4,Thursday,08:30-09:30,Programming LAB CSE Ground Floor
LAB Batch 1-FAI- Fundamentals of Ai,Division 4,Thursday,09:30-10:30,Programming LAB CSE Ground Floor
LAB Batch 2-FAI- Fundamentals of Ai,Division 4,Wednesday,03:30-04:30,Database Management System LABFirst Floor CSE
LAB Batch 2-FAI- Fundamentals of Ai,Division 4,Wednesday,04:30-05:30,Database Management System LABFirst Floor CSE
LAB Batch 3-FAI- Fundamentals of Ai,Division 4,Wednesday,03:30-04:30,Internet Labs
LAB Batch 3-FAI- Fundamentals of Ai,Division 4,Wednesday,04:30-05:30,Internet Labs
LAB Batch 4-FAI- Fundamentals of Ai,Division 4,Wednesday,08:30-09:30,CLManufacturing
LAB Batch 4-FAI- Fundamentals of Ai,Division 4,Wednesday,09:30-10:30,CLManufacturing
LAB Batch 5-FAI- Fundamentals of Ai,Division 4,Wednesday,08:30-09:30,SP LAB Instru
LAB Batch 5-FAI- Fundamentals of Ai,Division 4,Wednesday,09:30-10:30,SP LAB Instru
LAB Batch 6-FAI- Fundamentals of Ai,Division 4,Monday,01:30-02:30,CLManufacturing
LAB Batch 6-FAI- Fundamentals of Ai,Division 4,Monday,02:30-03:30,CLManufacturing
LAB Batch 7-FAI- Fundamentals of Ai,Division 4,Monday,01:30-02:30,CCF-2 Cognizant LAB AC
LAB Batch 7-FAI- Fundamentals of Ai,Division 4,Monday,02:30-03:30,CCF-2 Cognizant LAB AC
LAB Batch 1-AM-Applied Mechanics ,Division 1,Wednesday,04:30-05:30,EM Lab 
LAB Batch 1-AM-Applied Mechanics ,Division 1,Wednesday,05:30-06:30,EM Lab 
LAB Batch 2-AM-Applied Mechanics ,Division 1,Monday,10:30-11:30,EM Lab 
LAB Batch 2-AM-Applied Mechanics ,Division 1,Monday,11:30-12:30,EM Lab 
LAB Batch 3-AM-Applied Mechanics ,Division 1,Monday,10:30-11:30,NT 05-SOM Classsroom
LAB Batch 3-AM-Applied Mechanics ,Division 1,Monday,11:30-12:30,NT 05-SOM Classsroom
LAB Batch 4-AM-Applied Mechanics ,Division 1,Tuesday,04:30-05:30,EM Lab 
LAB Batch 4-AM-Applied Mechanics ,Division 1,Tuesday,05:30-06:30,EM Lab 
LAB Batch 5-AM-Applied Mechanics ,Division 1,Tuesday,04:30-05:30,NT 05-SOM Classsroom
LAB Batch 5-AM-Applied Mechanics ,Division 1,Tuesday,05:30-06:30,NT 05-SOM Classsroom
LAB Batch 1-AM-Applied Mechanics ,Division 2,Thursday,08:30-09:30,EM Lab 
LAB Batch 1-AM-Applied Mechanics ,Division 2,Thursday,09:30-10:30,EM Lab 
LAB Batch 2-AM-Applied Mechanics ,Division 2,Thursday,08:30-09:30,NT 05-SOM Classsroom
LAB Batch 2-AM-Applied Mechanics ,Division 2,Thursday,09:30-10:30,NT 05-SOM Classsroom
LAB Batch 3-AM-Applied Mechanics ,Division 2,Monday,08:30-09:30,EM Lab 
LAB Batch 3-AM-Applied Mechanics ,Division 2,Monday,09:30-10:30,EM Lab 
LAB Batch 4-AM-Applied Mechanics ,Division 2,Friday,08:30-09:30,EM Lab 
LAB Batch 4-AM-Applied Mechanics ,Division 2,Friday,09:30-10:30,EM Lab 
LAB Batch 1-BEE- Basic Electrical Engg,Division 1,Friday,10:30-11:30,BEE Lab Electrical Department South Campus
LAB Batch 1-BEE- Basic Electrical Engg,Division 1,Friday,11:30-12:30,BEE Lab Electrical Department South Campus
LAB Batch 2-BEE- Basic Electrical Engg,Division 1,Monday,10:30-11:30,BEE Lab Electrical Department South Campus
LAB Batch 2-BEE- Basic Electrical Engg,Division 1,Monday,11:30-12:30,BEE Lab Electrical Department South Campus
LAB Batch 3-BEE- Basic Electrical Engg,Division 1,Tuesday,01:30-02:30,BEE Lab Electrical Department South Campus
LAB Batch 3-BEE- Basic Electrical Engg,Division 1,Tuesday,02:30-03:30,BEE Lab Electrical Department South Campus
LAB Batch 4-BEE- Basic Electrical Engg,Division 1,Wednesday,10:30-11:30,BEE Lab Electrical Department South Campus
LAB Batch 4-BEE- Basic Electrical Engg,Division 1,Wednesday,11:30-12:30,BEE Lab Electrical Department South Campus
LAB Batch 1-BEE- Basic Electrical Engg,Division 2,Thursday,03:30-04:30,BEE Lab Electrical Department South Campus
LAB Batch 1-BEE- Basic Electrical Engg,Division 2,Thursday,04:30-05:30,BEE Lab Electrical Department South Campus
LAB Batch 2-BEE- Basic Electrical Engg,Division 2,Monday,01:30-02:30,BEE Lab Electrical Department South Campus
LAB Batch 2-BEE- Basic Electrical Engg,Division 2,Monday,02:30-03:30,BEE Lab Electrical Department South Campus
LAB Batch 3-BEE- Basic Electrical Engg,Division 2,Monday,08:30-09:30,BEE Lab Electrical Department South Campus
LAB Batch 3-BEE- Basic Electrical Engg,Division 2,Monday,09:30-10:30,BEE Lab Electrical Department South Campus
LAB Batch 4-BEE- Basic Electrical Engg,Division 2,Friday,08:30-09:30,BEE Lab Electrical Department South Campus
LAB Batch 4-BEE- Basic Electrical Engg,Division 2,Friday,09:30-10:30,BEE Lab Electrical Department South Campus
LAB Batch 1-FCE- Funda. Of Corrosion Engg,Division 1,Friday,08:30-09:30,Corrosion LAB Meta Dept First Floor
LAB Batch 1-FCE- Funda. Of Corrosion Engg,Division 1,Friday,09:30-10:30,Corrosion LAB Meta Dept First Floor
LAB Batch 2-FCE- Funda. Of Corrosion Engg,Division 1,Monday,08:30-09:30,Corrosion LAB Meta Dept First Floor
LAB Batch 2-FCE- Funda. Of Corrosion Engg,Division 1,Monday,09:30-10:30,Corrosion LAB Meta Dept First Floor
LAB Batch 3-FCE- Funda. Of Corrosion Engg,Division 1,Monday,10:30-11:30,Corrosion LAB Meta Dept First Floor
LAB Batch 3-FCE- Funda. Of Corrosion Engg,Division 1,Monday,11:30-12:30,Corrosion LAB Meta Dept First Floor
LAB Batch 4-FCE- Funda. Of Corrosion Engg,Division 1,Tuesday,04:30-05:30,Corrosion LAB Meta Dept First Floor
LAB Batch 4-FCE- Funda. Of Corrosion Engg,Division 1,Tuesday,05:30-06:30,Corrosion LAB Meta Dept First Floor
LAB Batch 1-FCE- Funda. Of Corrosion Engg,Division 2,Friday,08:30-09:30,Corrosion LAB Meta Dept First Floor
LAB Batch 1-FCE- Funda. Of Corrosion Engg,Division 2,Friday,09:30-10:30,Corrosion LAB Meta Dept First Floor
LAB Batch 2-FCE- Funda. Of Corrosion Engg,Division 2,Monday,08:30-09:30,Corrosion LAB Meta Dept First Floor
LAB Batch 2-FCE- Funda. Of Corrosion Engg,Division 2,Monday,09:30-10:30,Corrosion LAB Meta Dept First Floor
LAB Batch 3-FCE- Funda. Of Corrosion Engg,Division 2,Monday,10:30-11:30,Corrosion LAB Meta Dept First Floor
LAB Batch 3-FCE- Funda. Of Corrosion Engg,Division 2,Monday,11:30-12:30,Corrosion LAB Meta Dept First Floor
LAB Batch 4-FCE- Funda. Of Corrosion Engg,Division 2,Tuesday,04:30-05:30,Corrosion LAB Meta Dept First Floor
LAB Batch 4-FCE- Funda. Of Corrosion Engg,Division 2,Tuesday,05:30-06:30,Corrosion LAB Meta Dept First Floor
LAB Batch 1-PPP- Product Proto. Practices,Division 1,Monday,01:30-02:30,Rapid Prototyping Lab
LAB Batch 1-PPP- Product Proto. Practices,Division 1,Monday,02:30-03:30,Rapid Prototyping Lab
LAB Batch 2-PPP- Product Proto. Practices,Division 1,Monday,08:30-09:30,Rapid Prototyping Lab
LAB Batch 2-PPP- Product Proto. Practices,Division 1,Monday,09:30-10:30,Rapid Prototyping Lab
LAB Batch 3-PPP- Product Proto. Practices,Division 1,Tuesday,04:30-05:30,Rapid Prototyping Lab
LAB Batch 3-PPP- Product Proto. Practices,Division 1,Tuesday,05:30-06:30,Rapid Prototyping Lab
LAB Batch 4-PPP- Product Proto. Practices,Division 1,Wednesday,04:30-05:30,Rapid Prototyping Lab
LAB Batch 4-PPP- Product Proto. Practices,Division 1,Wednesday,05:30-06:30,Rapid Prototyping Lab
LAB Batch 1-PPP- Product Proto. Practices,Division 2,Monday,01:30-02:30,Rapid Prototyping Lab
LAB Batch 1-PPP- Product Proto. Practices,Division 2,Monday,02:30-03:30,Rapid Prototyping Lab
LAB Batch 2-PPP- Product Proto. Practices,Division 2,Monday,08:30-09:30,Rapid Prototyping Lab
LAB Batch 2-PPP- Product Proto. Practices,Division 2,Monday,09:30-10:30,Rapid Prototyping Lab
LAB Batch 3-PPP- Product Proto. Practices,Division 2,Tuesday,04:30-05:30,Rapid Prototyping Lab
LAB Batch 3-PPP- Product Proto. Practices,Division 2,Tuesday,05:30-06:30,Rapid Prototyping Lab
LAB Batch 4-PPP- Product Proto. Practices,Division 2,Wednesday,04:30-05:30,Rapid Prototyping Lab
LAB Batch 4-PPP- Product Proto. Practices,Division 2,Wednesday,05:30-06:30,Rapid Prototyping Lab
LAB Batch 1-DLD- Digital Logic Design,Division 1,Tuesday,01:30-02:30,Communication LAB
LAB Batch 1-DLD- Digital Logic Design,Division 1,Tuesday,02:30-03:30,Communication LAB
LAB Batch 2-DLD- Digital Logic Design,Division 1,Wednesday,04:30-05:30,Communication LAB
LAB Batch 2-DLD- Digital Logic Design,Division 1,Wednesday,05:30-06:30,Communication LAB
LAB Batch 3-DLD- Digital Logic Design,Division 1,Monday,10:30-11:30,Communication LAB
LAB Batch 3-DLD- Digital Logic Design,Division 1,Monday,11:30-12:30,Communication LAB
LAB Batch 4-DLD- Digital Logic Design,Division 1,Tuesday,04:30-05:30,Communication LAB
LAB Batch 4-DLD- Digital Logic Design,Division 1,Tuesday,05:30-06:30,Communication LAB
LAB Batch 1-DLD- Digital Logic Design,Division 2,Tuesday,01:30-02:30,POWER LAB
LAB Batch 1-DLD- Digital Logic Design,Division 2,Tuesday,02:30-03:30,POWER LAB
LAB Batch 2-DLD- Digital Logic Design,Division 2,Friday,10:30-11:30,Communication LAB
LAB Batch 2-DLD- Digital Logic Design,Division 2,Friday,11:30-12:30,Communication LAB
LAB Batch 3-DLD- Digital Logic Design,Division 2,Monday,04:30-05:30,Communication LAB
LAB Batch 3-DLD- Digital Logic Design,Division 2,Monday,05:30-06:30,Communication LAB
LAB Batch 4-DLD- Digital Logic Design,Division 2,Tuesday,04:30-05:30,Microwave LAB
LAB Batch 4-DLD- Digital Logic Design,Division 2,Tuesday,05:30-06:30,Microwave LAB
LAB Batch 1-DLD- Digital Logic Design,Division 3,Thursday,08:30-09:30,Communication LAB
LAB Batch 1-DLD- Digital Logic Design,Division 3,Thursday,09:30-10:30,Communication LAB
LAB Batch 2-DLD- Digital Logic Design,Division 3,Monday,01:30-02:30,Communication LAB
LAB Batch 2-DLD- Digital Logic Design,Division 3,Monday,02:30-03:30,Communication LAB
LAB Batch 4-DLD- Digital Logic Design,Division 3,Friday,08:30-09:30,Communication LAB
LAB Batch 4-DLD- Digital Logic Design,Division 3,Friday,09:30-10:30,Communication LAB
LAB Batch 1-DLD- Digital Logic Design,Division 4,Thursday,01:30-02:30,ECW LAB
LAB Batch 1-DLD- Digital Logic Design,Division 4,Thursday,02:30-03:30,ECW LAB
LAB Batch 2-DLD- Digital Logic Design,Division 4,Wednesday,08:30-09:30,Microwave LAB
LAB Batch 2-DLD- Digital Logic Design,Division 4,Wednesday,09:30-10:30,Microwave LAB
LAB Batch 4-DLD- Digital Logic Design,Division 4,Thursday,01:30-02:30,Communication LAB
LAB Batch 4-DLD- Digital Logic Design,Division 4,Thursday,02:30-03:30,Communication LAB
LAB Batch 1-DLD- Digital Logic Design,Division 5,Thursday,08:30-09:30,Microwave LAB
LAB Batch 1-DLD- Digital Logic Design,Division 5,Thursday,09:30-10:30,Microwave LAB
LAB Batch 2-DLD- Digital Logic Design,Division 5,Wednesday,08:30-09:30,Communication LAB
LAB Batch 2-DLD- Digital Logic Design,Division 5,Wednesday,09:30-10:30,Communication LAB
LAB Batch 4-DLD- Digital Logic Design,Division 5,Thursday,01:30-02:30,Microwave LAB
LAB Batch 4-DLD- Digital Logic Design,Division 5,Thursday,02:30-03:30,Microwave LAB
LAB Batch 1-EG- Engineering Graphics,Division 1,Tuesday,01:30-02:30,NT09
LAB Batch 1-EG- Engineering Graphics,Division 1,Tuesday,02:30-03:30,NT09
LAB Batch 2-EG- Engineering Graphics,Division 1,Wednesday,04:30-05:30,NT09
LAB Batch 2-EG- Engineering Graphics,Division 1,Wednesday,05:30-06:30,NT09
LAB Batch 3-EG- Engineering Graphics,Division 1,Monday,10:30-11:30,NT09
LAB Batch 3-EG- Engineering Graphics,Division 1,Monday,11:30-12:30,NT09
LAB Batch 4-EG- Engineering Graphics,Division 1,Tuesday,04:30-05:30,NT09
LAB Batch 4-EG- Engineering Graphics,Division 1,Tuesday,05:30-06:30,NT09
LAB Batch 1-EG- Engineering Graphics,Division 2,Thursday,08:30-09:30,NT09
LAB Batch 1-EG- Engineering Graphics,Division 2,Thursday,09:30-10:30,NT09
LAB Batch 2-EG- Engineering Graphics,Division 2,Monday,01:30-02:30,NT09
LAB Batch 2-EG- Engineering Graphics,Division 2,Monday,02:30-03:30,NT09
LAB Batch 3-EG- Engineering Graphics,Division 2,Monday,08:30-09:30,NT09
LAB Batch 3-EG- Engineering Graphics,Division 2,Monday,09:30-10:30,NT09
LAB Batch 4-EG- Engineering Graphics,Division 2,Friday,08:30-09:30,NT09
LAB Batch 4-EG- Engineering Graphics,Division 2,Friday,09:30-10:30,NT09
LAB Batch 1-FCS- Fundamentals of Cyber Security,Division 1,Tuesday,01:30-02:30,CCF-4 Cognizant LAB AC
LAB Batch 1-FCS- Fundamentals of Cyber Security,Division 1,Tuesday,02:30-03:30,CCF-4 Cognizant LAB AC
LAB Batch 2-FCS- Fundamentals of Cyber Security,Division 1,Tuesday,04:30-05:30,Internet Labs
LAB Batch 2-FCS- Fundamentals of Cyber Security,Division 1,Tuesday,05:30-06:30,Internet Labs
LAB Batch 1-FCS- Fundamentals of Cyber Security,Division 2,Thursday,08:30-09:30,CCF-1 Cognizant LAB AC
LAB Batch 1-FCS- Fundamentals of Cyber Security,Division 2,Thursday,09:30-10:30,CCF-1 Cognizant LAB AC
LAB Batch 2-FCS- Fundamentals of Cyber Security,Division 2,Monday,01:30-02:30,CCF-3 Cognizant LAB AC
LAB Batch 2-FCS- Fundamentals of Cyber Security,Division 2,Monday,02:30-03:30,CCF-3 Cognizant LAB AC
LAB Batch 3-FCS- Fundamentals of Cyber Security,Division 2,Monday,08:30-09:30,CCF-1 Cognizant LAB AC
LAB Batch 3-FCS- Fundamentals of Cyber Security,Division 2,Monday,09:30-10:30,CCF-1 Cognizant LAB AC
LAB Batch 4-FCS- Fundamentals of Cyber Security,Division 2,Monday,08:30-09:30,CCF-2 Cognizant LAB AC
LAB Batch 4-FCS- Fundamentals of Cyber Security,Division 2,Monday,09:30-10:30,CCF-2 Cognizant LAB AC
LAB Batch 5-FCS- Fundamentals of Cyber Security,Division 2,Monday,08:30-09:30,CCF-3 Cognizant LAB AC
LAB Batch 5-FCS- Fundamentals of Cyber Security,Division 2,Monday,09:30-10:30,CCF-3 Cognizant LAB AC
LAB Batch 6-FCS- Fundamentals of Cyber Security,Division 2,Monday,08:30-09:30,CCF-4 Cognizant LAB AC
LAB Batch 6-FCS- Fundamentals of Cyber Security,Division 2,Monday,09:30-10:30,CCF-4 Cognizant LAB AC
LAB Batch 1-PPS- Programming For Problem Solving,Division 1,Monday,03:30-04:30,CCF-1 Cognizant LAB AC
LAB Batch 1-PPS- Programming For Problem Solving,Division 1,Monday,04:30-05:30,CCF-1 Cognizant LAB AC
LAB Batch 2-PPS- Programming For Problem Solving,Division 1,Thursday,10:30-11:30,CCF-4 Cognizant LAB AC
LAB Batch 2-PPS- Programming For Problem Solving,Division 1,Thursday,11:30-12:30,CCF-4 Cognizant LAB AC
LAB Batch 3-PPS- Programming For Problem Solving,Division 1,Wednesday,01:30-02:30,Graphics LAB CSE Ground Floor
LAB Batch 3-PPS- Programming For Problem Solving,Division 1,Wednesday,02:30-03:30,Graphics LAB CSE Ground Floor
LAB Batch 4-PPS- Programming For Problem Solving,Division 1,Wednesday,10:30-11:30,Internet Labs
LAB Batch 4-PPS- Programming For Problem Solving,Division 1,Wednesday,11:30-12:30,Internet Labs
LAB Batch 3-PPS- Programming For Problem Solving,Division 2 BUT assigned in Division 1,Wednesday,01:30-02:30,Graphics LAB CSE Ground Floor
LAB Batch 3-PPS- Programming For Problem Solving,Division 2 BUT assigned in Division 1,Wednesday,02:30-03:30,Graphics LAB CSE Ground Floor
LAB Batch 1-PPS- Programming For Problem Solving,Division 3 BUT assigned in Division 1,Monday,03:30-04:30,CCF-1 Cognizant LAB AC
LAB Batch 1-PPS- Programming For Problem Solving,Division 3 BUT assigned in Division 1,Monday,04:30-05:30,CCF-1 Cognizant LAB AC
LAB Batch 2-PPS- Programming For Problem Solving,Division 3 BUT assigned in Division 1,Thursday,10:30-11:30,CCF-4 Cognizant LAB AC
LAB Batch 2-PPS- Programming For Problem Solving,Division 3 BUT assigned in Division 1,Thursday,11:30-12:30,CCF-4 Cognizant LAB AC
LAB Batch 3-PPS- Programming For Problem Solving,Division 3 BUT assigned in Division 1,Wednesday,01:30-02:30,Graphics LAB CSE Ground Floor
LAB Batch 3-PPS- Programming For Problem Solving,Division 3 BUT assigned in Division 1,Wednesday,02:30-03:30,Graphics LAB CSE Ground Floor
LAB Batch 1-PPS- Programming For Problem Solving,Division 2,Monday,03:30-04:30,CCF-2 Cognizant LAB AC
LAB Batch 1-PPS- Programming For Problem Solving,Division 2,Monday,04:30-05:30,CCF-2 Cognizant LAB AC
LAB Batch 2-PPS- Programming For Problem Solving,Division 2,Thursday,03:30-04:30,Advance Software LAB First Floor CSE
LAB Batch 2-PPS- Programming For Problem Solving,Division 2,Thursday,04:30-05:30,Advance Software LAB First Floor CSE
LAB Batch 3-PPS- Programming For Problem Solving,Division 2,Tuesday,03:30-04:30,CCF-1 Cognizant LAB AC
LAB Batch 3-PPS- Programming For Problem Solving,Division 2,Tuesday,04:30-05:30,CCF-1 Cognizant LAB AC
LAB Batch 4-PPS- Programming For Problem Solving,Division 2,Tuesday,10:30-11:30,CCF-1 Cognizant LAB AC
LAB Batch 4-PPS- Programming For Problem Solving,Division 2,Tuesday,11:30-12:30,CCF-1 Cognizant LAB AC
LAB Batch 1-PPS- Programming For Problem Solving,Division 3,Tuesday,03:30-04:30,CCF-2 Cognizant LAB AC
LAB Batch 1-PPS- Programming For Problem Solving,Division 3,Tuesday,04:30-05:30,CCF-2 Cognizant LAB AC
LAB Batch 2-PPS- Programming For Problem Solving,Division 3,Tuesday,03:30-04:30,CCF-3 Cognizant LAB AC
LAB Batch 2-PPS- Programming For Problem Solving,Division 3,Tuesday,04:30-05:30,CCF-3 Cognizant LAB AC
LAB Batch 3-PPS- Programming For Problem Solving,Division 3,Tuesday,03:30-04:30,CCF-4 Cognizant LAB AC
LAB Batch 3-PPS- Programming For Problem Solving,Division 3,Tuesday,04:30-05:30,CCF-4 Cognizant LAB AC
LAB Batch 4-PPS- Programming For Problem Solving,Division 3,Wednesday,03:30-04:30,CCF-2 Cognizant LAB AC
LAB Batch 4-PPS- Programming For Problem Solving,Division 3,Wednesday,04:30-05:30,CCF-2 Cognizant LAB AC
LAB Batch 5-PPS- Programming For Problem Solving,Division 3,Wednesday,03:30-04:30,CCF-3 Cognizant LAB AC
LAB Batch 5-PPS- Programming For Problem Solving,Division 3,Wednesday,04:30-05:30,CCF-3 Cognizant LAB AC
LAB Batch 1-PP- Python Programming,Division 1&2,Monday,03:30-04:30,CCF-1 Cognizant LAB AC
LAB Batch 1-PP- Python Programming,Division 1&2,Monday,04:30-05:30,CCF-1 Cognizant LAB AC
LAB Batch 2-PP- Python Programming,Division 1&2,Monday,03:30-04:30,FOSS-2 Free&Open Source Software LAB E&TC Extansion 3rd Floor
LAB Batch 2-PP- Python Programming,Division 1&2,Monday,04:30-05:30,FOSS-2 Free&Open Source Software LAB E&TC Extansion 3rd Floor
LAB Batch 3-PP- Python Programming,Division 1&2,Thursday,03:30-04:30,Programming LAB CSE Ground Floor
LAB Batch 3-PP- Python Programming,Division 1&2,Thursday,04:30-05:30,Programming LAB CSE Ground Floor
LAB Batch 4-PP- Python Programming,Division 1&2,Tuesday,03:30-04:30,Advance Software LAB First Floor CSE
LAB Batch 4-PP- Python Programming,Division 1&2,Tuesday,04:30-05:30,Advance Software LAB First Floor CSE
LAB Batch 5-PP- Python Programming,Division 1&2,Tuesday,03:30-04:30,Database Management System LABFirst Floor CSE
LAB Batch 5-PP- Python Programming,Division 1&2,Tuesday,04:30-05:30,Database Management System LABFirst Floor CSE
LAB Batch 6-PP- Python Programming,Division 1&2,Tuesday,10:30-11:30,Advance Software LAB First Floor CSE
LAB Batch 6-PP- Python Programming,Division 1&2,Tuesday,11:30-12:30,Advance Software LAB First Floor CSE
LAB Batch 7-PP- Python Programming,Division 1&2,Tuesday,10:30-11:30,Graphics LAB CSE Ground Floor
LAB Batch 7-PP- Python Programming,Division 1&2,Tuesday,11:30-12:30,Graphics LAB CSE Ground Floor
LAB Batch 8-PP- Python Programming,Division 1&2,Tuesday,10:30-11:30,SP LAB Instru
LAB Batch 8-PP- Python Programming,Division 1&2,Tuesday,11:30-12:30,SP LAB Instru
LAB Batch 1-PP- Python Programming,Division 3,Monday,03:30-04:30,FOSS-1 Free&Open Source Software LAB E&TC Extansion 3rd Floor
LAB Batch 1-PP- Python Programming,Division 3,Monday,04:30-05:30,FOSS-1 Free&Open Source Software LAB E&TC Extansion 3rd Floor
LAB Batch 2-PP- Python Programming,Division 3,Thursday,10:30-11:30,Graphics LAB CSE Ground Floor
LAB Batch 2-PP- Python Programming,Division 3,Thursday,11:30-12:30,Graphics LAB CSE Ground Floor
LAB Batch 3-PP- Python Programming,Division 3,Tuesday,03:30-04:30,Programming LAB CSE Ground Floor
LAB Batch 3-PP- Python Programming,Division 3,Tuesday,04:30-05:30,Programming LAB CSE Ground Floor
LAB Batch 4-PP- Python Programming,Division 3,Tuesday,03:30-04:30,Graphics LAB CSE Ground Floor
LAB Batch 4-PP- Python Programming,Division 3,Tuesday,04:30-05:30,Graphics LAB CSE Ground Floor
LAB Batch 1-WD- Web Designing,Division 1,Monday,03:30-04:30,FOSS-1 Free&Open Source Software LAB E&TC Extansion 3rd Floor
LAB Batch 1-WD- Web Designing,Division 1,Monday,04:30-05:30,FOSS-1 Free&Open Source Software LAB E&TC Extansion 3rd Floor
LAB Batch 2-WD- Web Designing,Division 1,Thursday,10:30-11:30,Internet Labs
LAB Batch 2-WD- Web Designing,Division 1,Thursday,11:30-12:30,Internet Labs
LAB Batch 3-WD- Web Designing,Division 1,Tuesday,03:30-04:30,FOSS-1 Free&Open Source Software LAB E&TC Extansion 3rd Floor
LAB Batch 3-WD- Web Designing,Division 1,Tuesday,04:30-05:30,FOSS-1 Free&Open Source Software LAB E&TC Extansion 3rd Floor
LAB Batch 4-WD- Web Designing,Division 1,Wednesday,10:30-11:30,Database Management System LABFirst Floor CSE
LAB Batch 4-WD- Web Designing,Division 1,Wednesday,11:30-12:30,Database Management System LABFirst Floor CSE
LAB Batch 1-GE- Geomatic Engg,Division 1,Thursday,10:30-11:30,Surveying Lab Civil Dept 
LAB Batch 1-GE- Geomatic Engg,Division 1,Thursday,11:30-12:30,Surveying Lab Civil Dept 
LAB Batch 2-GE- Geomatic Engg,Division 1,Tuesday,03:30-04:30,Surveying Lab Civil Dept 
LAB Batch 2-GE- Geomatic Engg,Division 1,Tuesday,04:30-05:30,Surveying Lab Civil Dept 
LAB Batch 3-GE- Geomatic Engg,Division 1,Wednesday,01:30-02:30,Surveying Lab Civil Dept 
LAB Batch 3-GE- Geomatic Engg,Division 1,Wednesday,02:30-03:30,Surveying Lab Civil Dept 
LAB Batch 1-FCP- Funda. Of Constructive Practices,Division 1,Thursday,03:30-04:30,Civil Drawing Hall 1 CDH 1
LAB Batch 1-FCP- Funda. Of Constructive Practices,Division 1,Thursday,04:30-05:30,Civil Drawing Hall 1 CDH 1
LAB Batch 2-FCP- Funda. Of Constructive Practices,Division 1,Thursday,10:30-11:30,NT01 Fluid Mechanics Lab Classroom
LAB Batch 2-FCP- Funda. Of Constructive Practices,Division 1,Thursday,11:30-12:30,NT01 Fluid Mechanics Lab Classroom
LAB Batch 3-FCP- Funda. Of Constructive Practices,Division 1,Wednesday,03:30-04:30,Civil Drawing Hall 1 CDH 1
LAB Batch 3-FCP- Funda. Of Constructive Practices,Division 1,Wednesday,04:30-05:30,Civil Drawing Hall 1 CDH 1
LAB Batch 4-FCP- Funda. Of Constructive Practices,Division 1,Wednesday,10:30-11:30,NT01 Fluid Mechanics Lab Classroom
LAB Batch 4-FCP- Funda. Of Constructive Practices,Division 1,Wednesday,11:30-12:30,NT01 Fluid Mechanics Lab Classroom
LAB Batch 1-EMS- Electrical Maintainance and Safety,Division 1,Thursday,03:30-04:30,Power System LAB
LAB Batch 1-EMS- Electrical Maintainance and Safety,Division 1,Thursday,04:30-05:30,Power System LAB
LAB Batch 2-EMS- Electrical Maintainance and Safety,Division 1,Tuesday,03:30-04:30,Power System LAB
LAB Batch 2-EMS- Electrical Maintainance and Safety,Division 1,Tuesday,04:30-05:30,Power System LAB
LAB Batch 3-EMS- Electrical Maintainance and Safety,Division 1,Tuesday,10:30-11:30,Power System LAB
LAB Batch 3-EMS- Electrical Maintainance and Safety,Division 1,Tuesday,11:30-12:30,Power System LAB
LAB Batch 4-EMS- Electrical Maintainance and Safety,Division 1,Wednesday,03:30-04:30,Power System LAB
LAB Batch 4-EMS- Electrical Maintainance and Safety,Division 1,Wednesday,04:30-05:30,Power System LAB
LAB Batch 5-EMS- Electrical Maintainance and Safety,Division 1,Wednesday,10:30-11:30,Power System LAB
LAB Batch 5-EMS- Electrical Maintainance and Safety,Division 1,Wednesday,11:30-12:30,Power System LAB
LAB Batch 1-FPLC- Funda. Of PLC,Division 1,Thursday,10:30-11:30,TBD
LAB Batch 1-FPLC- Funda. Of PLC,Division 1,Thursday,11:30-12:30,TBD
LAB Batch 2-FPLC- Funda. Of PLC,Division 1,Tuesday,03:30-04:30,TBD
LAB Batch 2-FPLC- Funda. Of PLC,Division 1,Tuesday,04:30-05:30,TBD
LAB Batch 3-FPLC- Funda. Of PLC,Division 1,Tuesday,10:30-11:30,TBD
LAB Batch 3-FPLC- Funda. Of PLC,Division 1,Tuesday,11:30-12:30,TBD
LAB Batch 4-FPLC- Funda. Of PLC,Division 1,Wednesday,03:30-04:30,TBD
LAB Batch 4-FPLC- Funda. Of PLC,Division 1,Wednesday,04:30-05:30,TBD
LAB Batch 1-MPFL- Manufacturing Practices and Fab Lab,Division 1,Thursday,03:30-04:30,WORKSHOP
LAB Batch 1-MPFL- Manufacturing Practices and Fab Lab,Division 1,Thursday,04:30-05:30,WORKSHOP
LAB Batch 2-MPFL- Manufacturing Practices and Fab Lab,Division 1,Thursday,10:30-11:30,WORKSHOP
LAB Batch 2-MPFL- Manufacturing Practices and Fab Lab,Division 1,Thursday,11:30-12:30,WORKSHOP
LAB Batch 3-MPFL- Manufacturing Practices and Fab Lab,Division 1,Tuesday,01:30-02:30,WORKSHOP
LAB Batch 3-MPFL- Manufacturing Practices and Fab Lab,Division 1,Tuesday,02:30-03:30,WORKSHOP
LAB Batch 4-MPFL- Manufacturing Practices and Fab Lab,Division 1,Tuesday,10:30-11:30,WORKSHOP
LAB Batch 4-MPFL- Manufacturing Practices and Fab Lab,Division 1,Tuesday,11:30-12:30,WORKSHOP
LAB Batch 5-MPFL- Manufacturing Practices and Fab Lab,Division 1,Wednesday,10:30-11:30,WORKSHOP
LAB Batch 5-MPFL- Manufacturing Practices and Fab Lab,Division 1,Wednesday,11:30-12:30,WORKSHOP
"LAB Batch 1-RDOS- Robotics, Drone",Division 1,Monday,03:30-04:30,RDOS LAB
"LAB Batch 1-RDOS- Robotics, Drone",Division 1,Monday,04:30-05:30,RDOS LAB
"LAB Batch 2-RDOS- Robotics, Drone",Division 1,Thursday,10:30-11:30,RDOS LAB
"LAB Batch 2-RDOS- Robotics, Drone",Division 1,Thursday,11:30-12:30,RDOS LAB
"LAB Batch 3-RDOS- Robotics, Drone",Division 1,Tuesday,03:30-04:30,RDOS LAB
"LAB Batch 3-RDOS- Robotics, Drone",Division 1,Tuesday,04:30-05:30,RDOS LAB
"LAB Batch 4-RDOS- Robotics, Drone",Division 1,Wednesday,10:30-11:30,RDOS LAB
"LAB Batch 4-RDOS- Robotics, Drone",Division 1,Wednesday,11:30-12:30,RDOS LAB
LAB Batch 1-CAD- Computer Aided Drafting,Division 1,Thursday,03:30-04:30,CAD & CAE LAB
LAB Batch 1-CAD- Computer Aided Drafting,Division 1,Thursday,04:30-05:30,CAD & CAE LAB
LAB Batch 2-CAD- Computer Aided Drafting,Division 1,Thursday,10:30-11:30,CAD & CAE LAB
LAB Batch 2-CAD- Computer Aided Drafting,Division 1,Thursday,11:30-12:30,CAD & CAE LAB
LAB Batch 3-CAD- Computer Aided Drafting,Division 1,Wednesday,01:30-02:30,CAD & CAE LAB
LAB Batch 3-CAD- Computer Aided Drafting,Division 1,Wednesday,02:30-03:30,CAD & CAE LAB
LAB Batch 4-CAD- Computer Aided Drafting,Division 1,Wednesday,10:30-11:30,CAD & CAE LAB
LAB Batch 4-CAD- Computer Aided Drafting,Division 1,Wednesday,11:30-12:30,CAD & CAE LAB
LAB Batch 1-EVA- EV Archi.,Division 1,Monday,03:30-04:30,Electric Vehicle Lab
LAB Batch 1-EVA- EV Archi.,Division 1,Monday,04:30-05:30,Electric Vehicle Lab
LAB Batch 2-EVA- EV Archi.,Division 1,Thursday,10:30-11:30,Electric Vehicle Lab
LAB Batch 2-EVA- EV Archi.,Division 1,Thursday,11:30-12:30,Electric Vehicle Lab
LAB Batch 3-EVA- EV Archi.,Division 1,Wednesday,01:30-02:30,Electric Vehicle Lab
LAB Batch 3-EVA- EV Archi.,Division 1,Wednesday,02:30-03:30,Electric Vehicle Lab
LAB Batch 4-EVA- EV Archi.,Division 1,Wednesday,03:30-04:30,Electric Vehicle Lab
LAB Batch 4-EVA- EV Archi.,Division 1,Wednesday,04:30-05:30,Electric Vehicle Lab
LAB Batch 5-EVA- EV Archi.,Division 1,Wednesday,10:30-11:30,Electric Vehicle Lab
LAB Batch 5-EVA- EV Archi.,Division 1,Wednesday,11:30-12:30,Electric Vehicle Lab
